Time (s),Accel_x (m/s2),Accel_y (m/s2),Accel_z (m/s2),RPM,Humidity (percentage),Amb_Temp (C),Water_Temp (C),Motor_Temp (C),noBond_height 1 (mm),Bond_height 2 (mm)
Wave data,37.98,0.00,0.00,0.00,36.97,95.0,22.5,44.25,24.84,-48.01,1.80
Wave data,38.02,0.00,0.00,0.00,36.97,95.0,22.5,44.25,26.20,-45.56,21.12
Wave data,38.06,0.00,0.00,0.00,36.97,95.0,22.5,44.25,26.37,-48.01,40.45
Wave data,38.10,0.00,0.00,0.00,36.97,95.0,22.5,44.25,25.68,-52.89,48.90
Wave data,38.14,0.00,0.00,0.00,36.97,95.0,22.5,44.25,25.85,-51.67,59.78
Wave data,38.18,0.00,0.00,0.00,36.97,95.0,22.5,44.25,25.68,-56.56,67.02
Wave data,38.22,0.00,0.00,0.00,36.97,95.0,22.5,44.25,26.02,-57.78,71.85
Wave data,38.26,0.00,0.00,0.00,36.97,95.0,22.5,44.25,25.68,-56.56,74.27
Wave data,38.30,0.00,0.00,0.00,36.97,95.0,22.5,44.25,24.67,-63.89,80.31
Wave data,38.34,0.00,0.00,0.00,36.97,95.0,22.5,44.25,25.51,-61.45,77.89
Wave data,38.38,0.00,0.00,0.00,36.97,95.0,22.5,44.25,26.02,-60.23,76.68
Wave data,38.42,0.00,0.00,0.00,36.97,95.0,22.5,44.25,25.51,-56.56,71.85
Wave data,38.46,0.00,0.00,0.00,36.97,95.0,22.5,44.25,26.02,-54.12,57.36
Wave data,38.50,0.00,0.00,0.00,36.97,95.0,22.5,44.25,25.85,-52.89,56.15
Wave data,38.54,0.00,0.00,0.00,36.97,95.0,22.5,44.25,26.20,-46.78,48.90
Wave data,38.58,0.00,0.00,0.00,36.97,95.0,22.5,44.25,26.55,-41.90,39.24
Wave data,38.62,0.00,0.00,0.00,36.97,95.0,22.5,44.25,25.68,-33.34,38.03
Wave data,38.66,0.00,0.00,0.00,36.97,95.0,22.5,44.25,25.51,-22.34,25.96
Wave data,38.70,0.00,0.00,0.00,36.97,95.0,22.5,44.25,26.02,-13.79,27.16
Wave data,38.74,0.00,0.00,0.00,36.97,95.0,22.5,44.25,26.02,-13.79,5.42
Wave data,38.78,0.00,0.00,0.00,36.97,95.0,22.5,44.25,25.85,-12.56,-3.03
Wave data,38.82,0.00,0.00,0.00,36.97,95.0,22.5,44.25,25.01,-12.56,-15.11
Wave data,38.86,0.00,0.00,0.00,36.97,95.0,22.5,44.25,25.85,-12.56,-28.40
Wave data,38.90,0.00,0.00,0.00,36.97,95.0,22.5,44.25,25.68,-16.23,-32.02
Wave data,38.94,0.00,0.00,0.00,36.97,95.0,22.5,44.25,25.51,-13.79,-34.44
Wave data,38.98,0.00,0.00,0.00,36.97,95.0,22.5,44.25,25.68,-17.45,-45.31
Wave data,39.02,0.00,0.00,0.00,36.97,95.0,22.5,44.25,26.02,90.10,-50.14
Wave data,39.06,0.00,0.00,0.00,36.97,95.0,22.5,44.25,25.68,74.21,-58.59
Wave data,39.10,0.00,0.00,0.00,36.97,95.0,22.5,44.25,25.85,91.32,-64.63
Wave data,39.14,0.00,0.00,0.00,36.97,95.0,22.5,44.25,25.85,87.65,-79.12
Wave data,39.18,0.00,0.00,0.00,36.97,95.0,22.5,44.25,26.02,90.10,-76.71
Wave data,39.22,0.00,0.00,0.00,36.97,95.0,22.5,44.25,25.51,87.65,-80.33
Wave data,39.26,0.00,0.00,0.00,36.97,95.0,22.5,44.25,25.68,90.10,-79.12
Wave data,39.30,0.00,0.00,0.00,36.97,95.0,22.5,44.25,26.55,91.32,-81.54
Wave data,39.34,0.00,0.00,0.00,36.97,95.0,22.5,44.25,25.51,90.10,-75.50
Wave data,39.38,0.00,0.00,0.00,36.97,95.0,22.5,44.25,25.68,0.88,-71.88
Wave data,39.42,0.00,0.00,0.00,36.97,95.0,22.5,44.25,26.02,-11.34,-65.84
Wave data,39.46,0.00,0.00,0.00,36.97,95.0,22.5,44.25,26.02,-16.23,-69.46
Wave data,39.50,0.00,0.00,0.00,36.97,95.0,22.5,44.25,25.85,-23.56,-67.05
Wave data,39.54,0.00,0.00,0.00,36.97,95.0,22.5,44.25,25.68,-26.01,-68.25
Wave data,39.58,0.00,0.00,0.00,36.97,95.0,22.5,44.25,25.85,-35.78,-67.05
Wave data,39.62,0.00,0.00,0.00,36.97,95.0,22.5,44.25,26.02,-39.45,-67.05
Wave data,39.66,0.00,0.00,0.00,36.97,95.0,22.5,44.25,26.02,-45.56,-65.84
Wave data,39.70,0.00,0.00,0.00,36.97,95.0,22.5,44.25,25.68,-50.45,-69.46
Wave data,39.74,0.00,0.00,0.00,36.97,95.0,22.5,44.25,27.26,-55.34,-67.05
Wave data,39.78,0.00,0.00,0.00,36.97,95.0,22.5,44.25,25.68,-49.23,-68.25
Wave data,39.82,0.00,0.00,0.00,36.97,95.0,22.5,44.25,26.02,-56.56,70.65
Wave data,39.86,0.00,0.00,0.00,36.97,95.0,22.5,44.25,24.51,-57.78,75.48
Wave data,39.90,0.00,0.00,0.00,36.97,95.0,22.5,44.25,25.85,-56.56,79.10
Wave data,39.94,0.00,0.00,0.00,36.97,95.0,22.5,44.25,25.68,-59.01,74.27
Wave data,39.98,0.00,0.00,0.00,36.97,95.0,22.5,44.25,26.02,-57.78,81.52
Wave data,40.02,0.00,0.00,0.00,36.97,95.0,22.5,44.25,26.02,-34.56,71.85
Wave data,40.06,0.00,0.00,0.00,36.97,95.0,22.5,44.25,27.44,-57.78,62.19
Wave data,40.10,0.00,0.00,0.00,36.97,95.0,22.5,44.25,25.51,-52.89,52.53
Wave data,40.14,0.00,0.00,0.00,36.97,95.0,22.5,44.25,25.17,-51.67,46.49
Wave data,40.18,0.00,0.00,0.00,36.97,95.0,22.5,44.25,26.72,-45.56,42.87
Wave data,40.22,0.00,0.00,0.00,36.97,95.0,22.5,44.25,24.84,-40.67,36.83
Wave data,40.26,0.00,0.00,0.00,36.97,95.0,22.5,44.25,25.68,-27.23,30.79
Wave data,40.30,0.00,0.00,0.00,36.97,95.0,22.5,44.25,26.20,-24.79,23.54
Wave data,40.34,0.00,0.00,0.00,36.97,95.0,22.5,44.25,26.02,-22.34,11.46
Wave data,40.38,0.00,0.00,0.00,36.97,95.0,22.5,44.25,25.85,-24.79,1.80
Wave data,40.42,0.00,0.00,0.00,36.97,95.0,22.5,44.25,24.35,-21.12,-9.07
Wave data,40.46,0.00,0.00,0.00,36.97,95.0,22.5,44.25,25.85,-21.12,-19.94
Wave data,40.50,0.00,0.00,0.00,36.97,95.0,22.5,44.25,25.68,-23.56,-28.40
Wave data,40.54,0.00,0.00,0.00,36.97,95.0,22.5,44.25,25.85,-21.12,-38.06
Wave data,40.58,0.00,0.00,0.00,36.97,95.0,22.5,44.25,25.85,-22.34,-41.68
Wave data,40.62,0.00,0.00,0.00,36.97,95.0,22.5,44.25,25.85,-21.12,-45.31
Wave data,40.66,0.00,0.00,0.00,36.97,95.0,22.5,44.25,26.02,94.98,-52.55
Wave data,40.70,0.00,0.00,0.00,36.97,95.0,22.5,44.25,25.51,88.87,-59.80
Wave data,40.74,0.00,0.00,0.00,36.97,95.0,22.5,44.25,25.68,92.54,-65.84
Wave data,40.78,0.00,0.00,0.00,36.97,95.0,22.5,44.25,25.68,92.54,-71.88
Wave data,40.82,0.00,0.00,0.00,36.97,95.0,22.5,44.25,26.02,96.21,-77.92
Wave data,40.86,0.00,0.00,0.00,36.97,95.0,22.5,44.25,26.02,92.54,-76.71
Wave data,40.90,0.00,0.00,0.00,36.97,95.0,22.5,44.25,25.68,92.54,-80.33
Wave data,40.94,0.00,0.00,0.00,36.97,95.0,22.5,44.25,25.34,90.10,-77.92
Wave data,40.98,0.00,0.00,0.00,36.97,95.0,22.5,44.25,25.68,92.54,-80.33
Wave data,41.02,0.00,0.00,0.00,36.97,95.0,22.5,44.25,26.55,-5.23,-70.67
Wave data,41.06,0.00,0.00,0.00,36.97,95.0,22.5,44.25,25.68,-15.01,-67.05
Wave data,41.10,0.00,0.00,0.00,36.97,95.0,22.5,44.25,25.85,-21.12,-67.05
Wave data,41.14,0.00,0.00,0.00,36.97,95.0,22.5,44.25,26.20,-24.79,-79.12
Wave data,41.18,0.00,0.00,0.00,36.97,95.0,22.5,44.25,25.85,-32.12,-63.42
Wave data,41.22,0.00,0.00,0.00,36.97,95.0,22.5,44.25,25.68,-37.01,-62.22
Wave data,41.26,0.00,0.00,0.00,36.97,95.0,22.5,44.25,25.85,-41.90,-65.84
Wave data,41.30,0.00,0.00,0.00,36.97,95.0,22.5,44.25,26.02,-48.01,-62.22
Wave data,41.34,0.00,0.00,0.00,36.97,95.0,22.5,44.25,25.85,-51.67,-64.63
Wave data,41.38,0.00,0.00,0.00,36.97,95.0,22.5,44.25,27.44,-52.89,-64.63
Wave data,41.42,0.00,0.00,0.00,36.97,95.0,22.5,44.25,26.20,-55.34,-64.63
Wave data,41.46,0.00,0.00,0.00,36.97,95.0,22.5,44.25,25.68,-56.56,68.23
Wave data,41.50,0.00,0.00,0.00,36.97,95.0,22.5,44.25,25.51,-61.45,77.89
Wave data,41.54,0.00,0.00,0.00,36.97,95.0,22.5,44.25,26.02,-55.34,80.31
Wave data,41.58,0.00,0.00,0.00,36.97,95.0,22.5,44.25,24.51,-65.12,83.93
Wave data,41.62,0.00,0.00,0.00,36.97,95.0,22.5,44.25,25.85,-61.45,81.52
Wave data,41.66,0.00,0.00,0.00,36.97,95.0,22.5,44.25,25.85,-61.45,73.06
Wave data,41.70,0.00,0.00,0.00,36.97,95.0,22.5,44.25,25.68,-57.78,65.81
Wave data,41.74,0.00,0.00,0.00,36.97,95.0,22.5,44.25,25.51,-55.34,53.74
Wave data,41.78,0.00,0.00,0.00,36.97,95.0,22.5,44.25,25.51,-49.23,48.90
Wave data,41.82,0.00,0.00,0.00,36.97,95.0,22.5,44.25,25.85,-43.12,40.45
Wave data,41.86,0.00,0.00,0.00,36.97,95.0,22.5,44.25,26.02,-35.78,33.20
Wave data,41.90,0.00,0.00,0.00,36.97,95.0,22.5,44.25,25.85,-28.45,24.75
Wave data,41.94,0.00,0.00,0.00,36.97,95.0,22.5,44.25,25.34,-16.23,11.46
Wave data,41.98,0.00,0.00,0.00,36.97,95.0,22.5,44.25,25.51,-5.23,0.59
Wave data,42.02,0.00,0.00,0.00,36.97,95.0,22.5,44.25,26.02,-2.79,-7.86
Wave data,42.06,0.00,0.00,0.00,36.97,95.0,22.5,44.25,26.55,-4.01,-17.53
Wave data,42.10,0.00,0.00,0.00,36.97,95.0,22.5,44.25,26.02,-2.79,-19.94
Wave data,42.14,0.00,0.00,0.00,36.97,95.0,22.5,44.25,25.51,-4.01,-28.40
Wave data,42.18,0.00,0.00,0.00,36.97,95.0,22.5,44.25,26.72,-4.01,-33.23
Wave data,42.22,0.00,0.00,0.00,36.97,95.0,22.5,44.25,25.51,-2.79,-40.47
Wave data,42.26,0.00,0.00,0.00,36.97,95.0,22.5,44.25,25.68,85.21,-46.51
Wave data,42.30,0.00,0.00,0.00,36.97,95.0,22.5,44.25,26.20,91.32,-54.97
Wave data,42.34,0.00,0.00,0.00,36.97,95.0,22.5,44.25,25.68,93.76,-63.42
Wave data,42.38,0.00,0.00,0.00,36.97,95.0,22.5,44.25,25.85,87.65,-68.25
Wave data,42.42,0.00,0.00,0.00,36.97,95.0,22.5,44.25,25.68,94.98,-71.88
Wave data,42.46,0.00,0.00,0.00,36.97,95.0,22.5,44.25,25.85,90.10,-74.29
Wave data,42.50,0.00,0.00,0.00,36.97,95.0,22.5,44.25,26.55,92.54,-77.92
Wave data,42.54,0.00,0.00,0.00,36.97,95.0,22.5,44.25,26.02,90.10,-76.71
Wave data,42.58,0.00,0.00,0.00,36.97,95.0,22.5,44.25,26.20,93.76,-74.29
Wave data,42.62,0.00,0.00,0.00,36.97,95.0,22.5,44.25,25.68,3.32,-71.88
Wave data,42.66,0.00,0.00,0.00,36.97,95.0,22.5,44.25,26.02,-4.01,-64.63
Wave data,42.70,0.00,0.00,0.00,36.97,95.0,22.5,44.25,25.68,-15.01,-64.63
Wave data,42.74,0.00,0.00,0.00,36.97,95.0,22.5,44.25,26.02,-19.90,-59.80
Wave data,42.78,0.00,0.00,0.00,36.97,95.0,22.5,44.25,25.85,-33.34,-65.84
Wave data,42.82,0.00,0.00,0.00,36.97,95.0,22.5,44.25,25.85,-35.78,-62.22
Wave data,42.86,0.00,0.00,0.00,36.97,95.0,22.5,44.25,25.85,-43.12,-56.18
Wave data,42.90,0.00,0.00,0.00,36.97,95.0,22.5,44.25,26.02,-48.01,-61.01
Wave data,42.94,0.00,0.00,0.00,36.97,95.0,22.5,44.25,25.01,-51.67,-61.01
Wave data,42.98,0.00,0.00,0.00,36.97,95.0,22.5,44.25,25.68,-52.89,-59.80
Wave data,43.02,0.00,0.00,0.00,36.97,95.0,22.5,44.25,25.01,-55.34,-62.22
Wave data,43.06,0.00,0.00,0.00,36.97,95.0,22.5,44.25,26.37,-65.12,-63.42
Wave data,43.10,0.00,0.00,0.00,36.97,95.0,22.5,44.25,26.90,-60.23,75.48
Wave data,43.14,0.00,0.00,0.00,36.97,95.0,22.5,44.25,25.68,-56.56,77.89
Wave data,43.18,0.00,0.00,0.00,36.97,95.0,22.5,44.25,25.85,-62.67,85.14
Wave data,43.22,0.00,0.00,0.00,36.97,95.0,22.5,44.25,25.68,-61.45,83.93
Wave data,43.26,0.00,0.00,0.00,36.97,95.0,22.5,44.25,25.17,-55.34,80.31
Wave data,43.30,0.00,0.00,0.00,36.97,95.0,22.5,44.25,25.68,-55.34,71.85
Wave data,43.34,0.00,0.00,0.00,36.97,95.0,22.5,44.25,27.81,-51.67,58.57
Wave data,43.38,0.00,0.00,0.00,36.97,95.0,22.5,44.25,25.85,-49.23,52.53
Wave data,43.42,0.00,0.00,0.00,36.97,95.0,22.5,44.25,25.68,-46.78,45.28
Wave data,43.46,0.00,0.00,0.00,36.97,95.0,22.5,44.25,24.67,-40.67,38.03
Wave data,43.50,0.00,0.00,0.00,36.97,95.0,22.5,44.25,26.02,-32.12,29.58
Wave data,43.54,0.00,0.00,0.00,36.97,95.0,22.5,44.25,26.02,-32.12,15.09
Wave data,43.58,0.00,0.00,0.00,36.97,95.0,22.5,44.25,25.51,-32.12,6.63
Wave data,43.62,0.00,0.00,0.00,36.97,95.0,22.5,44.25,25.68,-34.56,-1.82
Wave data,43.66,0.00,0.00,0.00,36.97,95.0,22.5,44.25,25.68,-29.67,-16.32
Wave data,43.70,0.00,0.00,0.00,36.97,95.0,22.5,44.25,26.02,-33.34,-21.15
Wave data,43.74,0.00,0.00,0.00,36.97,95.0,22.5,44.25,26.55,-33.34,-28.40
Wave data,43.78,0.00,0.00,0.00,36.97,95.0,22.5,44.25,26.02,-32.12,-30.81
Wave data,43.82,0.00,0.00,0.00,36.97,95.0,22.5,44.25,25.85,-33.34,-39.27
Wave data,43.86,0.00,0.00,0.00,36.97,95.0,22.5,44.25,25.85,-33.34,-42.89
Wave data,43.90,0.00,0.00,0.00,36.97,95.0,22.5,44.25,26.02,86.43,-53.76
Wave data,43.94,0.00,0.00,0.00,36.97,95.0,22.5,44.25,26.20,90.10,-58.59
Wave data,43.98,0.00,0.00,0.00,36.97,95.0,22.5,44.25,25.68,91.32,-67.05
Wave data,44.02,0.00,0.00,0.00,36.97,95.0,22.5,44.25,25.85,88.87,-69.46
Wave data,44.06,0.00,0.00,0.00,36.97,95.0,22.5,44.25,25.51,88.87,-73.09
Wave data,44.10,0.00,0.00,0.00,36.97,95.0,22.5,44.25,25.85,90.10,-75.50
Wave data,44.14,0.00,0.00,0.00,36.97,95.0,22.5,44.25,25.68,88.87,-75.50
Wave data,44.18,0.00,0.00,0.00,36.97,95.0,22.5,44.25,25.51,92.54,-74.29
Wave data,44.22,0.00,0.00,0.00,36.97,95.0,22.5,44.25,25.68,91.32,-73.09
Wave data,44.26,0.00,0.00,0.00,36.97,95.0,22.5,44.25,26.02,-1.56,-68.25
Wave data,44.30,0.00,0.00,0.00,36.97,95.0,22.5,44.25,22.46,-7.68,-67.05
Wave data,44.34,0.00,0.00,0.00,36.97,95.0,22.5,44.25,26.37,-18.67,-65.84
Wave data,44.38,0.00,0.00,0.00,36.97,95.0,22.5,44.25,25.85,-28.45,-63.42
Wave data,44.42,0.00,0.00,0.00,36.97,95.0,22.5,44.25,27.08,-30.90,-62.22
Wave data,44.46,0.00,0.00,0.00,36.97,95.0,22.5,44.25,25.51,-40.67,-65.84
Wave data,44.50,0.00,0.00,0.00,36.97,95.0,22.5,44.25,25.85,-44.34,-63.42
Wave data,44.54,0.00,0.00,0.00,36.97,95.0,22.5,44.25,26.20,-46.78,-62.22
Wave data,44.58,0.00,0.00,0.00,36.97,95.0,22.5,44.25,26.02,-49.23,-63.42
Wave data,44.62,0.00,0.00,0.00,36.97,95.0,22.5,44.25,25.68,-51.67,-63.42
Wave data,44.66,0.00,0.00,0.00,36.97,95.0,22.5,44.25,25.51,-60.23,-61.01
Wave data,44.70,0.00,0.00,0.00,36.97,95.0,22.5,44.25,25.68,-59.01,-69.46
Wave data,44.74,0.00,0.00,0.00,36.97,95.0,22.5,44.25,26.37,-61.45,80.31
Wave data,44.78,0.00,0.00,0.00,36.97,95.0,22.5,44.25,26.37,-59.01,80.31
Wave data,44.82,0.00,0.00,0.00,36.97,95.0,22.5,44.25,25.68,-59.01,86.35
Wave data,44.86,0.00,0.00,0.00,36.97,95.0,22.5,44.25,25.17,-56.56,82.72
Wave data,44.90,0.00,0.00,0.00,36.97,95.0,22.5,44.25,25.85,-56.56,71.85
Wave data,44.94,0.00,0.00,0.00,36.97,95.0,22.5,44.25,25.85,-54.12,59.78
Wave data,44.98,0.00,0.00,0.00,36.97,95.0,22.5,44.25,25.85,-50.45,51.32
Wave data,45.02,0.00,0.00,0.00,36.97,95.0,22.5,44.25,24.18,-49.23,40.45
Wave data,45.06,0.00,0.00,0.00,36.97,95.0,22.5,44.25,26.02,-40.67,40.45
Wave data,45.10,0.00,0.00,0.00,36.97,95.0,22.5,44.25,25.68,-35.78,29.58
Wave data,45.14,0.00,0.00,0.00,36.97,95.0,22.5,44.25,25.85,-28.45,22.33
Wave data,45.18,0.00,0.00,0.00,36.97,95.0,22.5,44.25,26.02,-18.67,13.88
Wave data,45.22,0.00,0.00,0.00,36.97,95.0,22.5,44.25,25.51,-29.67,6.63
Wave data,45.26,0.00,0.00,0.00,36.97,95.0,22.5,44.25,25.68,-18.67,-1.82
Wave data,45.30,0.00,0.00,0.00,36.97,95.0,22.5,44.25,26.02,-21.12,-12.69
Wave data,45.34,0.00,0.00,0.00,36.97,95.0,22.5,44.25,26.02,-13.79,-23.56
Wave data,45.38,0.00,0.00,0.00,36.97,95.0,22.5,44.25,25.85,-23.56,-18.73
Wave data,45.42,0.00,0.00,0.00,36.97,95.0,22.5,44.25,24.84,-18.67,-38.06
Wave data,45.46,0.00,0.00,0.00,36.97,95.0,22.5,44.25,26.37,-24.79,-41.68
Wave data,45.50,0.00,0.00,0.00,36.97,95.0,22.5,44.25,25.51,80.32,-54.97
Wave data,45.54,0.00,0.00,0.00,36.97,95.0,22.5,44.25,25.85,88.87,-54.97
Wave data,45.58,0.00,0.00,0.00,36.97,95.0,22.5,44.25,26.37,92.54,-61.01
Wave data,45.62,0.00,0.00,0.00,36.97,95.0,22.5,44.25,26.02,91.32,-62.22
Wave data,45.66,0.00,0.00,0.00,36.97,95.0,22.5,44.25,25.68,92.54,-67.05
Wave data,45.70,0.00,0.00,0.00,36.97,95.0,22.5,44.25,25.85,92.54,-73.09
Wave data,45.74,0.00,0.00,0.00,36.97,95.0,22.5,44.25,26.20,92.54,-76.71
Wave data,45.78,0.00,0.00,0.00,36.97,95.0,22.5,44.25,25.51,88.87,-74.29
Wave data,45.82,0.00,0.00,0.00,36.97,95.0,22.5,44.25,27.08,93.76,-75.50
Wave data,45.86,0.00,0.00,0.00,36.97,95.0,22.5,44.25,25.51,88.87,-69.46
Wave data,45.90,0.00,0.00,0.00,36.97,95.0,22.5,44.25,25.68,90.10,-62.22
Wave data,45.94,0.00,0.00,0.00,36.97,95.0,22.5,44.25,24.18,-18.67,-61.01
Wave data,45.98,0.00,0.00,0.00,36.97,95.0,22.5,44.25,25.85,-17.45,-52.55
Wave data,46.02,0.00,0.00,0.00,36.97,95.0,22.5,44.25,25.85,-26.01,-51.34
Wave data,46.06,0.00,0.00,0.00,36.97,95.0,22.5,44.25,26.55,-33.34,-52.55
Wave data,46.10,0.00,0.00,0.00,36.97,95.0,22.5,44.25,26.02,-40.67,-51.34
Wave data,46.14,0.00,0.00,0.00,36.97,95.0,22.5,44.25,26.02,-44.34,-53.76
Wave data,46.18,0.00,0.00,0.00,36.97,95.0,22.5,44.25,25.85,-49.23,-51.34
Wave data,46.22,0.00,0.00,0.00,36.97,95.0,22.5,44.25,26.02,-49.23,-52.55
Wave data,46.26,0.00,0.00,0.00,36.97,95.0,22.5,44.25,25.34,-50.45,-52.55
Wave data,46.30,0.00,0.00,0.00,36.97,95.0,22.5,44.25,25.68,-54.12,-53.76
Wave data,46.34,0.00,0.00,0.00,36.97,95.0,22.5,44.25,25.85,-61.45,-52.55
Wave data,46.38,0.00,0.00,0.00,36.97,95.0,22.5,44.25,25.68,-61.45,75.48
Wave data,46.42,0.00,0.00,0.00,36.97,95.0,22.5,44.25,25.51,-63.89,80.31
Wave data,46.46,0.00,0.00,0.00,36.97,95.0,22.5,44.25,26.02,-57.78,86.35
Wave data,46.50,0.00,0.00,0.00,36.97,95.0,22.5,44.25,26.55,-61.45,80.31
Wave data,46.54,0.00,0.00,0.00,36.97,95.0,22.5,44.25,25.85,-55.34,73.06
Wave data,46.58,0.00,0.00,0.00,36.97,95.0,22.5,44.25,25.68,-52.89,58.57
Wave data,46.62,0.00,0.00,0.00,36.97,95.0,22.5,44.25,25.68,-49.23,51.32
Wave data,46.66,0.00,0.00,0.00,36.97,95.0,22.5,44.25,25.68,-45.56,38.03
Wave data,46.70,0.00,0.00,0.00,36.97,95.0,22.5,44.25,25.68,-37.01,33.20
Wave data,46.74,0.00,0.00,0.00,36.97,95.0,22.5,44.25,26.37,-30.90,28.37
Wave data,46.78,0.00,0.00,0.00,36.97,95.0,22.5,44.25,25.01,-24.79,16.29
Wave data,46.82,0.00,0.00,0.00,36.97,95.0,22.5,44.25,24.51,-13.79,9.05
Wave data,46.86,0.00,0.00,0.00,36.97,95.0,22.5,44.25,26.02,-12.56,-1.82
Wave data,46.90,0.00,0.00,0.00,36.97,95.0,22.5,44.25,25.85,-18.67,-9.07
Wave data,46.94,0.00,0.00,0.00,36.97,95.0,22.5,44.25,27.08,-13.79,-17.53
Wave data,46.98,0.00,0.00,0.00,36.97,95.0,22.5,44.25,25.85,-16.23,-24.77
Wave data,47.02,0.00,0.00,0.00,36.97,95.0,22.5,44.25,26.72,-13.79,-28.40
Wave data,47.06,0.00,0.00,0.00,36.97,95.0,22.5,44.25,27.26,-13.79,-40.47
Wave data,47.10,0.00,0.00,0.00,36.97,95.0,22.5,44.25,26.02,-19.90,-45.31
Wave data,47.14,0.00,0.00,0.00,36.97,95.0,22.5,44.25,25.68,80.32,-57.38
Wave data,47.18,0.00,0.00,0.00,36.97,95.0,22.5,44.25,25.01,87.65,-54.97
Wave data,47.22,0.00,0.00,0.00,36.97,95.0,22.5,44.25,25.34,88.87,-64.63
Wave data,47.26,0.00,0.00,0.00,36.97,95.0,22.5,44.25,23.70,87.65,-63.42
Wave data,47.30,0.00,0.00,0.00,36.97,95.0,22.5,44.25,25.68,91.32,-69.46
Wave data,47.34,0.00,0.00,0.00,36.97,95.0,22.5,44.25,25.68,88.87,-68.25
Wave data,47.38,0.00,0.00,0.00,36.97,95.0,22.5,44.25,25.68,90.10,-70.67
Wave data,47.42,0.00,0.00,0.00,36.97,95.0,22.5,44.25,26.02,91.32,-71.88
Wave data,47.46,0.00,0.00,0.00,36.97,95.0,22.5,44.25,25.68,87.65,-70.67
Wave data,47.50,0.00,0.00,0.00,36.97,95.0,22.5,44.25,25.68,90.10,-64.63
Wave data,47.54,0.00,0.00,0.00,36.97,95.0,22.5,44.25,25.01,88.87,-63.42
Wave data,47.58,0.00,0.00,0.00,36.97,95.0,22.5,44.25,25.68,-19.90,-56.18
Wave data,47.62,0.00,0.00,0.00,36.97,95.0,22.5,44.25,25.51,-26.01,-61.01
Wave data,47.66,0.00,0.00,0.00,36.97,95.0,22.5,44.25,26.02,-29.67,-62.22
Wave data,47.70,0.00,0.00,0.00,36.97,95.0,22.5,44.25,26.02,-34.56,-59.80
Wave data,47.74,0.00,0.00,0.00,36.97,95.0,22.5,44.25,26.55,-41.90,-58.59
Wave data,47.78,0.00,0.00,0.00,36.97,95.0,22.5,44.25,25.68,-44.34,-62.22
Wave data,47.82,0.00,0.00,0.00,36.97,95.0,22.5,44.25,25.85,-49.23,-57.38
Wave data,47.86,0.00,0.00,0.00,36.97,95.0,22.5,44.25,26.02,-49.23,-61.01
Wave data,47.90,0.00,0.00,0.00,36.97,95.0,22.5,44.25,25.85,-60.23,-56.18
Wave data,47.94,0.00,0.00,0.00,36.97,95.0,22.5,44.25,25.68,-59.01,-82.75
Wave data,47.98,0.00,0.00,0.00,36.97,95.0,22.5,44.25,25.85,-59.01,-57.38
Wave data,48.02,0.00,0.00,0.00,36.97,95.0,22.5,44.25,27.26,-60.23,74.27
Wave data,48.06,0.00,0.00,0.00,36.97,95.0,22.5,44.25,25.68,-60.23,89.97
Wave data,48.10,0.00,0.00,0.00,36.97,95.0,22.5,44.25,26.55,-59.01,87.56
Wave data,48.14,0.00,0.00,0.00,36.97,95.0,22.5,44.25,25.68,-57.78,80.31
Wave data,48.18,0.00,0.00,0.00,36.97,95.0,22.5,44.25,25.68,-54.12,67.02
Wave data,48.22,0.00,0.00,0.00,36.97,95.0,22.5,44.25,26.20,-52.89,57.36
Wave data,48.26,0.00,0.00,0.00,36.97,95.0,22.5,44.25,25.68,-48.01,42.87
Wave data,48.30,0.00,0.00,0.00,36.97,95.0,22.5,44.25,26.55,-39.45,35.62
Wave data,48.34,0.00,0.00,0.00,36.97,95.0,22.5,44.25,26.90,-32.12,33.20
Wave data,48.38,0.00,0.00,0.00,36.97,95.0,22.5,44.25,25.85,-28.45,22.33
Wave data,48.42,0.00,0.00,0.00,36.97,95.0,22.5,44.25,25.68,-17.45,11.46
Wave data,48.46,0.00,0.00,0.00,36.97,95.0,22.5,44.25,25.85,-19.90,4.22
Wave data,48.50,0.00,0.00,0.00,36.97,95.0,22.5,44.25,26.55,-19.90,-1.82
Wave data,48.54,0.00,0.00,0.00,36.97,95.0,22.5,44.25,26.02,-19.90,-7.86
Wave data,48.58,0.00,0.00,0.00,36.97,95.0,22.5,44.25,25.85,-18.67,-16.32
Wave data,48.62,0.00,0.00,0.00,36.97,95.0,22.5,44.25,25.85,-19.90,-27.19
Wave data,48.66,0.00,0.00,0.00,36.97,95.0,22.5,44.25,26.02,-19.90,-34.44
Wave data,48.70,0.00,0.00,0.00,36.97,95.0,22.5,44.25,26.37,-21.12,-67.05
Wave data,48.74,0.00,0.00,0.00,36.97,95.0,22.5,44.25,25.34,-23.56,-47.72
Wave data,48.78,0.00,0.00,0.00,36.97,95.0,22.5,44.25,25.85,88.87,-53.76
Wave data,48.82,0.00,0.00,0.00,36.97,95.0,22.5,44.25,25.68,94.98,-62.22
Wave data,48.86,0.00,0.00,0.00,36.97,95.0,22.5,44.25,25.85,90.10,-62.22
Wave data,48.90,0.00,0.00,0.00,36.97,95.0,22.5,44.25,25.68,96.21,-67.05
Wave data,48.94,0.00,0.00,0.00,36.97,95.0,22.5,44.25,25.85,98.65,-71.88
Wave data,48.98,0.00,0.00,0.00,36.97,95.0,22.5,44.25,26.02,96.21,-69.46
Wave data,49.02,0.00,0.00,0.00,36.97,95.0,22.5,44.25,25.17,93.76,-73.09
Wave data,49.06,0.00,0.00,0.00,36.97,95.0,22.5,44.25,25.68,96.21,-71.88
Wave data,49.10,0.00,0.00,0.00,36.97,95.0,22.5,44.25,25.85,93.76,-73.09
Wave data,49.14,0.00,0.00,0.00,36.97,95.0,22.5,44.25,26.02,92.54,-64.63
Wave data,49.18,0.00,0.00,0.00,36.97,95.0,22.5,44.25,25.85,-21.12,-59.80
Wave data,49.22,0.00,0.00,0.00,36.97,95.0,22.5,44.25,27.08,-23.56,-56.18
Wave data,49.26,0.00,0.00,0.00,36.97,95.0,22.5,44.25,25.85,-28.45,-53.76
Wave data,49.30,0.00,0.00,0.00,36.97,95.0,22.5,44.25,25.51,-30.90,-57.38
Wave data,49.34,0.00,0.00,0.00,36.97,95.0,22.5,44.25,25.17,-38.23,-57.38
Wave data,49.38,0.00,0.00,0.00,36.97,95.0,22.5,44.25,25.85,-41.90,-56.18
Wave data,49.42,0.00,0.00,0.00,36.97,95.0,22.5,44.25,25.85,-46.78,-52.55
Wave data,49.46,0.00,0.00,0.00,36.97,95.0,22.5,44.25,25.68,-50.45,-53.76
Wave data,49.50,0.00,0.00,0.00,36.97,95.0,22.5,44.25,25.34,-56.56,-52.55
Wave data,49.54,0.00,0.00,0.00,36.97,95.0,22.5,44.25,25.68,-57.78,-54.97
Wave data,49.58,0.00,0.00,0.00,36.97,95.0,22.5,44.25,25.17,-59.01,-53.76
Wave data,49.62,0.00,0.00,0.00,36.97,95.0,22.5,44.25,26.02,-65.12,76.68
Wave data,49.66,0.00,0.00,0.00,36.97,95.0,22.5,44.25,25.51,-62.67,87.56
Wave data,49.70,0.00,0.00,0.00,36.97,95.0,22.5,44.25,26.02,-59.01,86.35
Wave data,49.74,0.00,0.00,0.00,36.97,95.0,22.5,44.25,25.85,-61.45,77.89
Wave data,49.78,0.00,0.00,0.00,36.97,95.0,22.5,44.25,26.02,-56.56,70.65
Wave data,49.82,0.00,0.00,0.00,36.97,95.0,22.5,44.25,25.85,-56.56,58.57
Wave data,49.86,0.00,0.00,0.00,36.97,95.0,22.5,44.25,25.51,-49.23,48.90
Wave data,49.90,0.00,0.00,0.00,36.97,95.0,22.5,44.25,26.72,-48.01,40.45
Wave data,49.94,0.00,0.00,0.00,36.97,95.0,22.5,44.25,24.67,-39.45,33.20
Wave data,49.98,0.00,0.00,0.00,36.97,95.0,22.5,44.25,25.01,-32.12,27.16
Wave data,50.02,0.00,0.00,0.00,36.97,95.0,22.5,44.25,26.02,-30.90,15.09
Wave data,50.06,0.00,0.00,0.00,36.97,95.0,22.5,44.25,26.37,-33.34,11.46
Wave data,50.10,0.00,0.00,0.00,36.97,95.0,22.5,44.25,26.72,-30.90,3.01
Wave data,50.14,0.00,0.00,0.00,36.97,95.0,22.5,44.25,25.68,-32.12,-5.45
Wave data,50.18,0.00,0.00,0.00,36.97,95.0,22.5,44.25,26.55,-30.90,-18.73
Wave data,50.22,0.00,0.00,0.00,36.97,95.0,22.5,44.25,25.85,-34.56,-23.56
Wave data,50.26,0.00,0.00,0.00,36.97,95.0,22.5,44.25,26.72,-29.67,-33.23
Wave data,50.30,0.00,0.00,0.00,36.97,95.0,22.5,44.25,27.62,-33.34,-36.85
Wave data,50.34,0.00,0.00,0.00,36.97,95.0,22.5,44.25,25.85,-28.45,-41.68
Wave data,50.38,0.00,0.00,0.00,36.97,95.0,22.5,44.25,26.55,85.21,-52.55
Wave data,50.42,0.00,0.00,0.00,36.97,95.0,22.5,44.25,25.01,88.87,-56.18
Wave data,50.46,0.00,0.00,0.00,36.97,95.0,22.5,44.25,26.55,96.21,-63.42
Wave data,50.50,0.00,0.00,0.00,36.97,95.0,22.5,44.25,26.02,96.21,-64.63
Wave data,50.54,0.00,0.00,0.00,36.97,95.0,22.5,44.25,25.68,93.76,-71.88
Wave data,50.58,0.00,0.00,0.00,36.97,95.0,22.5,44.25,25.68,94.98,-73.09
Wave data,50.62,0.00,0.00,0.00,36.97,95.0,22.5,44.25,26.20,94.98,-74.29
Wave data,50.66,0.00,0.00,0.00,36.97,95.0,22.5,44.25,27.62,112.09,-74.29
Wave data,50.70,0.00,0.00,0.00,36.97,95.0,22.5,44.25,25.34,93.76,-68.25
Wave data,50.74,0.00,0.00,0.00,36.97,95.0,22.5,44.25,24.35,94.98,-65.84
Wave data,50.78,0.00,0.00,0.00,36.97,95.0,22.5,44.25,24.18,92.54,-50.14
Wave data,50.82,0.00,0.00,0.00,36.97,95.0,22.5,44.25,26.02,-19.90,-61.01
Wave data,50.86,0.00,0.00,0.00,36.97,95.0,22.5,44.25,25.51,-26.01,-50.14
Wave data,50.90,0.00,0.00,0.00,36.97,95.0,22.5,44.25,25.85,-33.34,-45.31
Wave data,50.94,0.00,0.00,0.00,36.97,95.0,22.5,44.25,27.08,-38.23,-40.47
Wave data,50.98,0.00,0.00,0.00,36.97,95.0,22.5,44.25,26.02,-41.90,-40.47
Wave data,51.02,0.00,0.00,0.00,36.97,95.0,22.5,44.25,25.68,-50.45,-41.68
Wave data,51.06,0.00,0.00,0.00,36.97,95.0,22.5,44.25,26.72,-51.67,-39.27
Wave data,51.10,0.00,0.00,0.00,36.97,95.0,22.5,44.25,25.34,-55.34,-41.68
Wave data,51.14,0.00,0.00,0.00,36.97,95.0,22.5,44.25,25.68,-57.78,-40.47
Wave data,51.18,0.00,0.00,0.00,36.97,95.0,22.5,44.25,26.20,-60.23,-44.10
Wave data,51.22,0.00,0.00,0.00,36.97,95.0,22.5,44.25,26.02,-60.23,-41.68
Wave data,51.26,0.00,0.00,0.00,36.97,95.0,22.5,44.25,26.20,-61.45,-38.06
Wave data,51.30,0.00,0.00,0.00,36.97,95.0,22.5,44.25,25.85,-60.23,86.35
