Time (s),Accel_x (m/s2),Accel_y (m/s2),Accel_z (m/s2),RPM,Humidity (percentage),Amb_Temp (C),Water_Temp (C),Motor_Temp (C),noBond_height 1 (mm),Bond_height 2 (mm)
1038.49,0.08,-1.17,8.91,44.81,93.0,19.6,-273.15,28.74,-15.44,12.07
1038.53,0.21,-0.88,8.99,44.81,93.0,19.6,-273.15,28.74,-14.21,25.35
1038.57,0.18,-1.17,8.82,44.81,93.0,19.6,-273.15,28.55,-3.21,30.18
1038.61,0.07,-1.83,8.93,44.81,93.0,19.6,-80.14,28.18,7.79,42.26
1038.65,0.09,-2.76,8.70,44.81,93.0,19.6,-273.15,28.74,11.45,43.47
1038.69,0.15,-2.73,8.83,44.81,93.0,19.6,-273.15,33.07,24.90,48.30
1038.73,0.21,-2.96,9.13,44.81,93.0,19.6,-80.14,27.99,31.01,45.89
1038.77,0.20,-3.13,8.81,44.81,93.0,19.6,-273.15,28.55,40.78,42.26
1038.81,0.37,-3.23,9.03,44.81,93.0,19.6,-273.15,27.99,40.78,26.56
1038.85,0.33,-3.06,9.13,44.81,93.0,19.6,-273.15,28.74,49.34,16.90
1038.89,0.28,-3.08,9.05,44.81,93.0,19.6,-273.15,28.37,55.45,7.24
1038.93,0.41,-2.71,9.20,44.81,93.0,19.6,-273.15,27.99,56.67,-3.64
1038.97,0.35,-2.23,9.76,44.81,93.0,19.6,-273.15,28.55,53.00,-2.43
1039.01,0.05,-1.73,7.80,44.81,93.0,19.6,-273.15,28.37,51.78,-2.43
1039.05,-0.18,-1.88,9.39,44.81,93.0,19.6,-80.14,27.99,46.89,-3.64
1039.09,-0.73,-0.60,8.46,44.81,93.0,19.6,-273.15,27.99,38.34,-10.88
1039.13,-0.13,-1.05,8.70,44.81,93.0,19.6,-273.15,28.18,29.78,-9.67
1039.17,0.10,0.22,9.03,44.81,93.0,19.6,-60.89,27.99,16.34,-16.92
1039.21,-0.19,0.56,8.73,44.81,93.0,19.6,-273.15,28.37,4.12,-26.58
1039.25,-0.37,1.35,8.76,44.81,93.0,19.6,-63.79,27.99,-3.21,-29.00
1039.29,-0.06,2.08,8.62,44.81,93.0,19.6,-273.15,28.18,-14.21,-27.79
1039.33,-0.02,1.60,9.04,44.81,93.0,19.6,-72.30,28.55,-27.66,-26.58
1039.37,0.09,1.69,9.07,44.81,93.0,19.6,-273.15,28.55,-37.43,-25.38
1039.41,0.10,2.08,9.13,44.81,93.0,19.6,-80.14,27.99,-44.77,-25.38
1039.45,0.26,2.57,9.10,44.81,93.0,19.6,-273.15,28.18,-49.66,-20.54
1039.49,0.15,1.99,9.33,44.81,93.0,19.6,-72.30,28.55,-50.88,-25.38
1039.53,0.37,1.30,9.23,44.81,93.0,19.6,-273.15,28.18,-50.88,-22.96
1039.57,0.26,1.63,9.00,44.81,93.0,19.6,-67.41,28.37,-49.66,-18.13
1039.61,0.16,1.51,9.28,44.81,93.0,19.6,-80.14,28.37,-48.43,-21.75
1039.65,0.31,1.02,9.13,44.81,93.0,19.6,-80.14,27.99,-44.77,-16.92
1039.69,0.08,0.54,9.08,44.81,93.0,19.6,-273.15,28.37,-43.54,-15.71
1039.73,0.38,0.42,9.04,44.81,93.0,19.6,-273.15,27.99,-38.66,-14.51
1039.77,0.16,-0.45,8.76,44.81,93.0,19.6,-52.84,28.74,-34.99,-9.67
1039.81,0.06,-1.14,9.02,44.81,93.0,19.6,-273.15,28.37,-28.88,-0.01
1039.85,-0.03,-1.02,8.90,44.81,93.0,19.6,-273.15,28.55,-21.55,7.24
1039.89,0.14,-1.31,8.88,44.81,93.0,19.6,-273.15,28.18,-19.10,20.52
1039.93,-0.02,-1.24,8.69,44.81,93.0,19.6,-56.36,27.99,-20.32,25.35
1039.97,0.22,-1.83,9.12,44.81,93.0,19.6,-273.15,29.13,-22.77,33.81
1040.01,0.22,-2.84,8.92,44.81,93.0,19.6,-273.15,28.55,-20.32,39.85
1040.05,0.20,-3.54,8.89,44.81,93.0,19.6,-80.14,27.99,16.34,45.89
1040.09,0.38,-3.24,9.07,44.81,93.0,19.6,-80.14,27.99,24.90,48.30
1040.13,0.41,-2.98,9.11,44.81,93.0,19.6,-273.15,28.18,33.45,35.02
1040.17,0.33,-3.01,9.04,44.81,93.0,19.6,-273.15,27.99,40.78,22.94
1040.21,0.24,-3.51,8.97,44.81,93.0,19.6,-273.15,28.37,45.67,10.86
1040.25,0.31,-3.01,8.86,44.81,93.0,19.6,-63.79,28.55,51.78,2.40
1040.29,0.30,-2.75,9.10,44.81,93.0,19.6,-273.15,28.55,53.00,-1.22
1040.33,0.39,-2.15,9.08,44.81,93.0,19.6,-273.15,28.55,51.78,-3.64
1040.37,0.59,-1.14,8.91,44.81,93.0,19.6,-273.15,28.55,50.56,-2.43
1040.41,0.76,-1.70,9.31,44.81,93.0,19.6,-273.15,28.55,39.56,-6.05
1040.45,0.52,-1.00,8.99,44.81,93.0,19.6,-273.15,28.18,37.12,-8.47
1040.49,0.68,-0.09,9.26,44.81,93.0,19.6,-273.15,28.18,23.67,-12.09
1040.53,1.02,0.78,9.28,44.81,93.0,19.6,-273.15,28.37,7.79,-21.75
1040.57,1.07,1.51,9.08,44.81,93.0,19.6,-67.41,27.99,0.45,-25.38
1040.61,0.92,1.92,9.57,44.81,93.0,19.6,-273.15,28.55,-9.32,-29.00
1040.65,0.66,1.67,9.37,44.81,93.0,19.6,-80.14,27.99,-17.88,-29.00
1040.69,0.66,1.58,9.30,44.81,93.0,19.6,-273.15,29.13,-33.77,-25.38
1040.73,0.66,2.08,9.46,44.81,93.0,19.6,-80.14,27.99,-41.10,-25.38
1040.77,0.51,2.42,9.31,44.81,93.0,19.6,-273.15,28.74,-50.88,-24.17
1040.81,0.45,2.32,9.11,44.81,93.0,19.6,-273.15,28.55,-53.32,-24.17
1040.85,0.27,1.51,9.21,44.81,93.0,19.6,-273.15,28.74,-52.10,-22.96
1040.89,0.18,1.33,9.05,44.81,93.0,19.6,-273.15,28.55,-49.66,-19.34
1040.93,0.40,0.89,8.95,44.81,93.0,19.6,-67.41,27.44,-48.43,-20.54
1040.97,0.43,0.94,9.37,44.81,93.0,19.6,-273.15,28.37,-44.77,-18.13
1041.01,0.32,1.25,9.12,44.81,93.0,19.6,-273.15,27.99,-43.54,-19.34
1041.05,-0.01,0.10,9.68,44.81,93.0,19.6,-273.15,28.55,-41.10,-13.30
1041.09,-0.09,-0.49,8.85,44.81,93.0,19.6,-273.15,28.74,-36.21,-10.88
1041.13,-0.03,-0.84,8.81,44.81,93.0,19.6,-273.15,28.55,-28.88,-1.22
1041.17,0.15,-1.09,9.00,44.81,93.0,19.6,-273.15,28.18,-26.43,2.40
1041.21,0.20,-0.99,8.95,44.81,93.0,19.6,-273.15,28.55,-17.88,13.27
1041.25,-0.14,-1.30,8.83,44.81,93.0,19.6,-273.15,28.55,-8.10,22.94
1041.29,0.08,-2.13,9.10,44.81,93.0,19.6,-273.15,28.55,0.45,26.56
1041.33,0.22,-2.88,8.96,44.81,93.0,19.6,-273.15,29.13,-1.99,36.22
1041.37,0.26,-3.20,8.88,44.81,93.0,19.6,-273.15,28.37,9.01,41.05
1041.41,0.28,-3.01,9.15,44.81,93.0,19.6,-273.15,28.55,20.01,43.47
1041.45,0.35,-2.93,8.90,44.81,93.0,19.6,-72.30,28.37,32.23,37.43
1041.49,0.32,-3.11,9.22,44.81,93.0,19.6,-80.14,27.99,42.01,27.77
1041.53,0.28,-3.40,9.03,44.81,93.0,19.6,-273.15,28.37,42.01,19.31
1041.57,0.34,-3.09,9.16,44.81,93.0,19.6,-80.14,27.62,48.12,8.44
1041.61,0.13,-2.39,8.98,44.81,93.0,19.6,-80.14,27.99,54.23,3.61
1041.65,0.34,-1.75,8.79,44.81,93.0,19.6,-273.15,28.37,56.67,-1.22
1041.69,0.43,-2.41,9.43,44.81,93.0,19.6,-273.15,28.55,49.34,-2.43
1041.73,-0.34,-1.71,8.59,44.81,93.0,19.6,-273.15,28.37,44.45,-4.84
1041.77,0.23,-1.15,8.59,44.81,93.0,19.6,-273.15,28.18,35.89,-7.26
1041.81,0.30,-0.89,9.19,44.81,93.0,19.6,-72.30,28.37,18.78,-14.51
1041.85,0.12,0.31,9.08,44.81,93.0,19.6,-273.15,28.93,17.56,-16.92
1041.89,0.04,1.12,9.02,44.81,93.0,19.6,-49.94,27.99,4.12,-26.58
1041.93,-0.12,1.19,8.90,44.81,93.0,19.6,-273.15,28.55,-8.10,-29.00
1041.97,-0.02,1.95,9.26,44.81,93.0,19.6,-273.15,28.18,-15.44,-32.62
1042.01,-0.01,1.19,9.29,44.81,93.0,19.6,-80.14,27.99,-25.21,-30.21
1042.05,-0.08,1.69,9.23,44.81,93.0,19.6,-273.15,29.13,-37.43,-26.58
1042.09,-0.01,2.11,9.12,44.81,93.0,19.6,-80.14,27.44,-45.99,-25.38
1042.13,0.28,2.51,9.24,44.81,93.0,19.6,-273.15,28.18,-50.88,-26.58
1042.17,0.20,2.02,9.28,44.81,93.0,19.6,-273.15,28.55,-54.54,-25.38
1042.21,0.29,1.52,9.18,44.81,93.0,19.6,-273.15,28.74,-53.32,-24.17
1042.25,0.08,1.38,9.29,44.81,93.0,19.6,-273.15,27.81,-48.43,-20.54
1042.29,0.20,1.09,9.24,44.81,93.0,19.6,-80.14,28.18,-44.77,-15.71
1042.33,0.39,1.56,9.13,44.81,93.0,19.6,-273.15,27.99,-43.54,-19.34
1042.37,0.25,0.25,9.35,44.81,93.0,19.6,-273.15,28.18,-42.32,-18.13
1042.41,0.20,0.25,9.09,44.81,93.0,19.6,-80.14,26.37,-37.43,-8.47
1042.45,0.14,-0.58,8.91,44.81,93.0,19.6,-273.15,28.55,-34.99,-6.05
1042.49,0.20,-1.25,9.04,44.81,93.0,19.6,-273.15,28.74,-26.43,-2.43
1042.53,0.15,-0.96,9.07,44.81,93.0,19.6,-63.79,28.37,-20.32,4.82
1042.57,-0.01,-1.25,8.91,44.81,93.0,19.6,-273.15,28.18,-10.55,20.52
1042.61,0.11,-1.20,8.76,44.81,93.0,19.6,-273.15,28.18,-1.99,28.98
1042.65,0.15,-2.03,8.97,44.81,93.0,19.6,-273.15,28.37,-0.77,32.60
1042.69,0.03,-2.38,9.08,44.81,93.0,19.6,-273.15,27.08,4.12,38.64
1042.73,0.04,-3.00,8.81,44.81,93.0,19.6,-72.30,28.18,16.34,43.47
1042.77,0.13,-3.74,9.09,44.81,93.0,19.6,-273.15,29.13,29.78,44.68
1042.81,0.27,-3.27,8.90,44.81,93.0,19.6,-273.15,28.93,39.56,33.81
1042.85,0.44,-2.96,8.96,44.81,93.0,19.6,-273.15,28.74,42.01,22.94
1042.89,0.19,-3.29,9.17,44.81,93.0,19.6,-80.14,28.18,46.89,14.48
1042.93,0.16,-2.58,9.04,44.81,93.0,19.6,-273.15,27.99,50.56,2.40
1042.97,0.42,-2.18,9.10,44.81,93.0,19.6,-72.30,28.74,56.67,-3.64
1043.01,0.13,-2.70,8.91,44.81,93.0,19.6,-80.14,27.99,54.23,-0.01
1043.05,0.54,-1.73,8.95,44.81,93.0,19.6,-273.15,28.18,54.23,-2.43
1043.09,0.49,-1.21,9.21,44.81,93.0,19.6,-273.15,28.18,53.00,-7.26
1043.13,0.87,-1.36,9.28,44.81,93.0,19.6,-63.79,28.37,50.56,-13.30
1043.17,0.59,-0.05,9.24,44.81,93.0,19.6,-273.15,28.55,49.34,-16.92
1043.21,0.47,0.63,9.33,44.81,93.0,19.6,-63.79,28.37,11.45,-24.17
1043.25,0.42,1.64,9.15,44.81,93.0,19.6,-273.15,28.55,-4.44,-27.79
1043.29,0.17,1.53,9.11,44.81,93.0,19.6,-273.15,28.55,-10.55,-31.42
1043.33,0.43,1.18,9.72,44.81,93.0,19.6,-273.15,28.37,-23.99,-31.42
1043.37,0.30,1.36,9.74,44.81,93.0,19.6,-273.15,28.93,-32.55,-29.00
1043.41,0.19,1.84,9.16,44.81,93.0,19.6,-273.15,28.55,-42.32,-27.79
1043.45,0.44,2.25,9.46,44.81,93.0,19.6,-273.15,28.18,-48.43,-25.38
1043.49,0.46,2.36,9.33,44.81,93.0,19.6,-273.15,27.99,-54.54,-26.58
1043.53,0.41,1.77,9.38,44.81,93.0,19.6,-63.79,28.37,-56.99,-25.38
1043.57,0.11,1.09,9.28,44.81,93.0,19.6,-80.14,27.62,-52.10,-21.75
1043.61,0.32,1.54,8.98,44.81,93.0,19.6,-273.15,28.55,-52.10,-20.54
1043.65,0.54,0.89,9.66,44.81,93.0,19.6,-80.14,28.37,-45.99,-19.34
1043.69,0.62,1.21,9.67,44.81,93.0,19.6,-273.15,28.18,-44.77,-15.71
1043.73,0.25,0.62,9.06,44.81,93.0,19.6,-67.41,28.18,-42.32,-14.51
1043.77,0.06,-1.01,9.11,44.81,93.0,19.6,-80.14,27.99,-32.55,-4.84
1043.81,0.04,-0.82,9.09,44.81,93.0,19.6,-80.14,27.81,-27.66,-0.01
1043.85,0.19,-1.05,9.07,44.81,93.0,19.6,-80.14,27.99,-19.10,6.03
1043.89,0.40,-1.04,8.83,44.81,93.0,19.6,-80.14,27.99,-15.44,15.69
1043.93,0.56,-1.06,9.48,44.81,93.0,19.6,-60.89,27.44,-19.10,22.94
1043.97,0.40,-2.38,8.88,44.81,93.0,19.6,-80.14,27.99,-14.21,28.98
1044.01,0.49,-2.85,9.01,44.81,93.0,19.6,-80.14,27.44,-15.44,36.22
1044.05,0.45,-3.68,9.22,44.81,93.0,19.6,-72.30,29.13,-15.44,38.64
1044.09,0.58,-2.56,9.08,44.81,93.0,19.6,-273.15,28.55,22.45,42.26
1044.13,0.57,-2.64,9.02,44.81,93.0,19.6,-72.30,28.55,34.67,39.85
1044.17,0.43,-3.00,9.08,44.81,93.0,19.6,-80.14,28.18,43.23,30.18
1044.21,0.31,-3.42,9.06,44.81,93.0,19.6,-273.15,28.37,45.67,18.11
1044.25,0.29,-3.60,9.08,44.81,93.0,19.6,-273.15,28.37,48.12,10.86
1044.29,0.44,-3.32,9.70,44.81,93.0,19.6,-273.15,28.37,54.23,1.20
1044.33,0.48,-2.14,8.82,44.81,93.0,19.6,-273.15,27.99,56.67,-3.64
1044.37,0.25,-1.90,8.80,44.81,93.0,19.6,-80.14,28.37,50.56,-2.43
1044.41,0.84,-1.97,9.17,44.81,93.0,19.6,-273.15,28.55,44.45,-4.84
1044.45,0.90,-0.93,9.44,44.81,93.0,19.6,-72.30,28.55,33.45,-10.88
1044.49,0.22,-0.82,9.04,44.81,93.0,19.6,-67.41,27.62,22.45,-18.13
1044.53,1.08,0.49,9.49,44.81,93.0,19.6,-273.15,28.18,12.67,-18.13
1044.57,0.90,0.87,9.43,44.81,93.0,19.6,-80.14,27.44,1.67,-22.96
1044.61,0.73,1.45,9.24,44.81,93.0,19.6,-273.15,27.99,-10.55,-30.21
1044.65,0.41,1.56,9.57,44.81,93.0,19.6,-273.15,28.37,-17.88,-29.00
1044.69,0.18,1.77,9.32,44.81,93.0,19.6,-80.14,28.37,-26.43,-29.00
1044.73,0.43,1.80,9.33,44.81,93.0,19.6,-72.30,28.18,-34.99,-27.79
1044.77,0.37,2.16,9.20,44.81,93.0,19.6,-273.15,27.62,-43.54,-26.58
1044.81,0.45,2.43,9.33,44.81,93.0,19.6,-273.15,28.18,-52.10,-25.38
1044.85,0.33,1.77,9.12,44.81,93.0,19.6,-273.15,28.37,-55.77,-26.58
1044.89,0.21,1.47,9.30,44.81,93.0,19.6,-273.15,28.18,-53.32,-24.17
1044.93,0.21,1.05,8.89,44.81,93.0,19.6,-63.79,27.99,-52.10,-25.38
1044.97,0.42,0.90,9.30,44.81,93.0,19.6,-80.14,28.18,-48.43,-20.54
1045.01,0.45,1.10,9.41,44.81,93.0,19.6,-72.30,28.55,-47.21,-18.13
1045.05,0.47,0.47,9.22,44.81,93.0,19.6,-273.15,28.74,-45.99,-16.92
1045.09,0.42,-0.04,8.90,44.81,93.0,19.6,-80.14,27.99,-37.43,-9.67
1045.13,0.30,-0.69,9.23,44.81,93.0,19.6,-273.15,28.74,-31.32,-6.05
1045.17,0.44,-1.33,9.10,44.81,93.0,19.6,-273.15,28.55,-27.66,-0.01
1045.21,0.49,-1.05,9.02,44.81,93.0,19.6,-72.30,28.37,-22.77,-1.22
1045.25,0.23,-1.38,9.24,44.81,93.0,19.6,-273.15,28.55,-21.55,2.40
1045.29,0.17,-1.60,9.22,44.81,93.0,19.6,-273.15,28.55,-17.88,2.40
1045.33,0.30,-1.68,8.77,44.81,93.0,19.6,-80.14,27.99,-20.32,2.40
1045.37,-0.03,-2.95,9.26,44.81,93.0,19.6,-273.15,28.55,-17.88,39.85
1045.41,0.15,-3.42,9.41,44.81,93.0,19.6,-58.46,27.99,20.01,44.68
1045.45,0.16,-3.85,9.02,44.81,93.0,19.6,-273.15,28.18,32.23,44.68
1045.49,0.33,-3.52,8.88,44.81,93.0,19.6,-273.15,28.18,40.78,35.02
1045.53,0.37,-2.73,8.94,44.81,93.0,19.6,-273.15,28.55,40.78,24.14
1045.57,0.34,-2.98,8.98,44.81,93.0,19.6,-63.79,28.37,45.67,14.48
1045.61,0.34,-3.81,8.79,44.81,93.0,19.6,-273.15,28.55,51.78,2.40
1045.65,0.08,-2.11,8.94,44.81,93.0,19.6,-63.79,27.62,59.12,3.61
1045.69,0.32,-3.01,8.96,44.81,93.0,19.6,-273.15,28.55,51.78,1.20
1045.73,0.12,-1.87,8.56,44.81,93.0,19.6,-273.15,28.55,40.78,-2.43
1045.77,1.04,-1.53,9.42,44.81,93.0,19.6,-273.15,28.55,39.56,-7.26
1045.81,0.98,-1.38,9.42,44.81,93.0,19.6,-273.15,29.13,31.01,-10.88
1045.85,0.86,-0.08,9.38,44.81,93.0,19.6,-273.15,28.37,16.34,-18.13
1045.89,0.89,0.59,9.58,44.81,93.0,19.6,-273.15,28.74,5.34,-24.17
1045.93,0.04,1.43,9.14,44.81,93.0,19.6,-80.14,27.99,-0.77,-27.79
1045.97,0.37,1.52,9.64,44.81,93.0,19.6,-273.15,28.55,-11.77,-31.42
1046.01,0.20,1.80,8.90,44.81,93.0,19.6,-72.30,28.55,-21.55,-29.00
1046.05,0.15,1.55,9.23,44.81,93.0,19.6,-72.30,27.62,-33.77,-26.58
1046.09,0.07,2.04,9.04,44.81,93.0,19.6,-273.15,28.18,-38.66,-25.38
1046.13,0.25,2.44,9.27,44.81,93.0,19.6,-273.15,27.81,-47.21,-24.17
1046.17,0.31,2.20,9.18,44.81,93.0,19.6,-273.15,28.37,-53.32,-21.75
1046.21,0.16,1.76,9.23,44.81,93.0,19.6,-80.14,27.99,-53.32,-24.17
1046.25,0.09,1.19,9.36,44.81,93.0,19.6,-273.15,28.74,-54.54,-24.17
1046.29,0.28,1.05,8.96,44.81,93.0,19.6,-273.15,28.18,-50.88,-19.34
1046.33,0.15,1.34,9.12,44.81,93.0,19.6,-63.79,28.74,-42.32,-20.54
1046.37,0.16,0.59,9.04,44.81,93.0,19.6,-273.15,29.13,-48.43,-19.34
1046.41,0.17,0.55,9.19,44.81,93.0,19.6,-273.15,28.18,-39.88,-13.30
1046.45,0.17,-0.75,8.86,44.81,93.0,19.6,-80.14,27.99,-32.55,-9.67
1046.49,0.12,-1.14,9.01,44.81,93.0,19.6,-273.15,28.74,-28.88,-4.84
1046.53,0.27,-1.08,9.04,44.81,93.0,19.6,-273.15,28.55,-23.99,6.03
1046.57,0.38,-0.94,9.05,44.81,93.0,19.6,-273.15,28.55,-15.44,14.48
1046.61,0.39,-1.15,8.80,44.81,93.0,19.6,-273.15,28.18,-5.66,25.35
1046.65,0.27,-2.21,9.36,44.81,93.0,19.6,-80.14,28.18,2.90,33.81
1046.69,0.19,-3.26,9.21,44.81,93.0,19.6,-80.14,27.99,4.12,37.43
1046.73,0.40,-3.42,9.23,44.81,93.0,19.6,-273.15,28.18,16.34,44.68
1046.77,0.42,-2.97,9.14,44.81,93.0,19.6,-273.15,28.18,26.12,43.47
1046.81,0.52,-3.04,9.19,44.81,93.0,19.6,-80.14,28.18,39.56,37.43
1046.85,0.31,-3.19,9.23,44.81,93.0,19.6,-80.14,27.99,42.01,25.35
1046.89,0.14,-3.10,9.15,44.81,93.0,19.6,-80.14,27.99,46.89,18.11
1046.93,0.24,-3.66,9.10,44.81,93.0,19.6,-63.79,28.37,50.56,2.40
1046.97,0.17,-2.29,8.69,44.81,93.0,19.6,-273.15,28.37,56.67,-2.43
1047.01,0.49,-2.43,8.72,44.81,93.0,19.6,-273.15,28.37,53.00,1.20
1047.05,0.53,-1.44,9.11,44.81,93.0,19.6,-273.15,28.74,46.89,1.20
1047.09,0.36,-1.18,8.67,44.81,93.0,19.6,-273.15,29.13,43.23,-2.43
1047.13,0.85,-1.29,9.29,44.81,93.0,19.6,-273.15,27.99,31.01,-6.05
1047.17,0.21,-0.22,9.06,44.81,93.0,19.6,-273.15,28.55,20.01,-15.71
1047.21,0.65,0.38,9.19,44.81,93.0,19.6,-273.15,28.37,11.45,-22.96
1047.25,0.54,1.15,9.22,44.81,93.0,19.6,-273.15,28.74,1.67,-29.00
1047.29,1.30,1.17,9.60,44.81,93.0,19.6,-273.15,27.99,-3.21,-27.79
1047.33,0.27,1.44,9.23,44.81,93.0,19.6,-273.15,27.99,-15.44,-31.42
1047.37,0.54,1.71,9.32,44.81,93.0,19.6,-273.15,29.13,-27.66,-24.17
1047.41,0.42,1.70,9.53,44.81,93.0,19.6,-72.30,28.18,-42.32,-25.38
1047.45,0.50,2.45,9.37,44.81,93.0,19.6,-273.15,28.37,-48.43,-24.17
1047.49,0.47,2.24,9.27,44.81,93.0,19.6,-273.15,28.55,-54.54,-22.96
1047.53,0.42,1.79,9.29,44.81,93.0,19.6,-273.15,28.55,-56.99,-26.58
1047.57,0.36,1.57,9.09,44.81,93.0,19.6,-273.15,28.18,-55.77,-21.75
1047.61,0.26,0.79,9.35,44.81,93.0,19.6,-273.15,29.13,-54.54,-21.75
1047.65,0.36,1.22,9.45,44.81,93.0,19.6,-80.14,27.99,-45.99,-20.54
1047.69,0.19,2.11,8.94,44.81,93.0,19.6,-273.15,27.99,-44.77,-19.34
1047.73,0.41,0.90,8.94,44.81,93.0,19.6,-273.15,28.74,-42.32,-18.13
1047.77,0.19,-0.13,9.07,44.81,93.0,19.6,-273.15,28.55,-37.43,-10.88
1047.81,0.19,-0.77,9.07,44.81,93.0,19.6,-80.14,28.18,-27.66,-3.64
1047.85,0.25,-1.45,9.00,44.81,93.0,19.6,-60.89,27.99,-26.43,4.82
1047.89,0.56,-0.71,9.17,44.81,93.0,19.6,-273.15,28.37,-17.88,-0.01
1047.93,0.75,-1.04,8.97,44.81,93.0,19.6,-273.15,27.26,-9.32,4.82
1047.97,0.50,-1.70,8.91,44.81,93.0,19.6,-49.94,28.18,0.45,2.40
1048.01,0.43,-2.06,8.84,44.81,93.0,19.6,-273.15,28.55,-1.99,2.40
1048.05,0.36,-2.68,8.95,44.81,93.0,19.6,-80.14,28.18,9.01,44.68
1048.09,0.27,-3.15,9.26,44.81,93.0,19.6,-273.15,28.55,20.01,42.26
1048.13,0.28,-3.55,9.22,44.81,93.0,19.6,-273.15,28.37,31.01,38.64
1048.17,0.40,-3.30,8.93,44.81,93.0,19.6,-80.14,28.18,40.78,30.18
1048.21,0.40,-2.98,9.22,44.81,93.0,19.6,-80.14,28.74,43.23,16.90
1048.25,0.45,-3.10,9.22,44.81,93.0,19.6,-273.15,28.37,50.56,8.44
1048.29,0.18,-3.14,8.84,44.81,93.0,19.6,-80.14,27.99,53.00,-3.64
1048.33,-0.13,-1.52,9.10,44.81,93.0,19.6,-80.14,27.44,59.12,-0.01
1048.37,0.46,-3.32,8.66,44.81,93.0,19.6,-273.15,28.55,48.12,-0.01
1048.41,-0.12,-2.04,8.78,44.81,93.0,19.6,-273.15,28.37,43.23,-4.84
1048.45,0.19,-1.46,8.94,44.81,93.0,19.6,-273.15,26.90,34.67,-6.05
1048.49,0.37,-1.14,9.06,44.81,93.0,19.6,-273.15,28.74,27.34,-13.30
1048.53,0.08,0.12,8.96,44.81,93.0,19.6,-273.15,28.74,20.01,-15.71
1048.57,0.13,0.81,9.09,44.81,93.0,19.6,-80.14,27.99,10.23,-25.38
1048.61,0.42,1.21,8.97,44.81,93.0,19.6,-67.41,28.55,-1.99,-25.38
1048.65,0.60,1.74,9.03,44.81,93.0,19.6,-273.15,27.99,-14.21,-27.79
1048.69,0.31,1.46,9.09,44.81,93.0,19.6,-80.14,28.18,-21.55,-24.17
1048.73,0.23,1.54,9.42,44.81,93.0,19.6,-273.15,28.18,-32.55,-22.96
1048.77,0.14,2.16,9.00,44.81,93.0,19.6,-63.79,28.37,-42.32,-27.79
1048.81,0.37,2.47,9.25,44.81,93.0,19.6,-273.15,28.74,-52.10,-29.00
1048.85,0.39,2.12,9.27,44.81,93.0,19.6,-273.15,28.37,-55.77,-24.17
1048.89,0.24,1.60,9.39,44.81,93.0,19.6,-273.15,28.37,-55.77,-26.58
1048.93,0.26,0.93,9.23,44.81,93.0,19.6,-273.15,28.18,-55.77,-21.75
1048.97,0.16,1.35,9.05,44.81,93.0,19.6,-80.14,27.99,-52.10,-21.75
1049.01,0.29,1.78,8.95,44.81,93.0,19.6,-273.15,29.13,-47.21,-19.34
1049.05,0.19,1.65,9.06,44.81,93.0,19.6,-80.14,27.99,-44.77,-14.51
1049.09,0.12,0.54,8.88,44.81,93.0,19.6,-273.15,28.55,-39.88,-14.51
1049.13,0.13,-0.71,8.86,44.81,93.0,19.6,-80.14,27.99,-32.55,-8.47
1049.17,0.15,-1.00,9.04,44.81,93.0,19.6,-80.14,27.99,-26.43,-0.01
1049.21,0.16,-0.86,8.97,44.81,93.0,19.6,-273.15,28.55,-20.32,9.65
1049.25,-0.11,-1.07,8.83,44.81,93.0,19.6,-273.15,28.37,-12.99,4.82
1049.29,-0.22,-1.11,8.34,44.81,93.0,19.6,-273.15,29.13,-3.21,8.44
1049.33,-0.06,-2.23,8.97,44.81,93.0,19.6,-72.30,28.18,-1.99,6.03
1049.37,-0.05,-2.71,8.67,44.81,93.0,19.6,-273.15,28.55,5.34,7.24
1049.41,-0.00,-2.91,8.64,44.81,93.0,19.6,-273.15,28.18,16.34,44.68
1049.45,0.17,-3.17,8.90,44.81,93.0,19.6,-273.15,28.93,24.90,43.47
1049.49,0.20,-3.13,9.00,44.81,93.0,19.6,-273.15,27.99,38.34,32.60
1049.53,0.24,-3.40,9.20,44.81,93.0,19.6,-72.30,28.55,39.56,24.14
1049.57,0.26,-3.02,8.73,44.81,93.0,19.6,-80.14,27.62,45.67,14.48
1049.61,0.29,-3.30,9.04,44.81,93.0,19.6,-273.15,27.99,49.34,2.40
1049.65,0.10,-1.78,8.74,44.81,93.0,19.6,-80.14,28.18,57.89,-0.01
1049.69,0.40,-3.03,9.20,44.81,93.0,19.6,-80.14,27.99,57.89,2.40
1049.73,0.71,-1.36,9.29,44.81,93.0,19.6,-273.15,28.37,48.12,-4.84
1049.77,0.25,-1.84,9.07,44.81,93.0,19.6,-273.15,29.32,35.89,-3.64
1049.81,-0.22,-1.01,8.72,44.81,93.0,19.6,-273.15,28.55,29.78,-9.67
1049.85,-0.11,-0.18,8.82,44.81,93.0,19.6,-273.15,28.74,20.01,-15.71
1049.89,0.06,0.29,9.11,44.81,93.0,19.6,-273.15,28.37,11.45,-22.96
1049.93,0.26,1.04,9.13,44.81,93.0,19.6,-273.15,28.55,1.67,-25.38
1049.97,-0.17,1.35,9.38,44.81,93.0,19.6,-273.15,27.99,-8.10,-29.00
1050.01,0.04,1.59,8.70,44.81,93.0,19.6,-80.14,27.99,-14.21,-26.58
1050.05,-0.17,1.36,9.39,44.81,93.0,19.6,-273.15,28.55,-32.55,-25.38
1050.09,0.19,2.15,9.18,44.81,93.0,19.6,-273.15,28.18,-38.66,-25.38
1050.13,0.11,2.37,9.08,44.81,93.0,19.6,-47.46,28.37,-48.43,-24.17
1050.17,0.09,2.28,9.13,44.81,93.0,19.6,-80.14,27.99,-50.88,-24.17
1050.21,0.17,1.64,9.24,44.81,93.0,19.6,-273.15,27.99,-54.54,-22.96
1050.25,0.30,1.00,9.17,44.81,93.0,19.6,-273.15,28.55,-58.21,-26.58
1050.29,0.10,1.25,9.22,44.81,93.0,19.6,-80.14,28.74,-54.54,-22.96
1050.33,0.18,1.80,9.10,44.81,93.0,19.6,-273.15,28.74,-48.43,-21.75
1050.37,0.13,1.45,8.89,44.81,93.0,19.6,-273.15,28.55,-49.66,-16.92
1050.41,0.26,0.38,9.36,44.81,93.0,19.6,-273.15,26.37,-44.77,-14.51
1050.45,0.59,-0.57,9.25,44.81,93.0,19.6,-273.15,28.18,-36.21,-9.67
1050.49,0.34,-0.92,9.12,44.81,93.0,19.6,-273.15,28.37,-33.77,-2.43
1050.53,0.42,-1.33,9.09,44.81,93.0,19.6,-80.14,28.18,-28.88,3.61
1050.57,0.62,-0.85,8.86,44.81,93.0,19.6,-80.14,27.99,-17.88,13.27
1050.61,0.87,-1.12,9.09,44.81,93.0,19.6,-67.41,27.81,-12.99,22.94
1050.65,0.52,-1.69,8.91,44.81,93.0,19.6,-273.15,28.37,-3.21,31.39
1050.69,0.36,-2.31,8.66,44.81,93.0,19.6,-273.15,28.37,-1.99,35.02
1050.73,0.50,-2.83,9.36,44.81,93.0,19.6,-273.15,28.37,9.01,38.64
1050.77,0.37,-3.23,9.14,44.81,93.0,19.6,-273.15,28.55,17.56,45.89
1050.81,0.38,-3.14,8.99,44.81,93.0,19.6,-80.14,27.99,32.23,38.64
1050.85,0.41,-3.24,9.09,44.81,93.0,19.6,-80.14,28.37,37.12,26.56
1050.89,0.35,-3.04,9.36,44.81,93.0,19.6,-273.15,28.74,42.01,16.90
1050.93,0.51,-3.11,9.07,44.81,93.0,19.6,-273.15,28.93,46.89,9.65
1050.97,0.44,-3.08,9.28,44.81,93.0,19.6,-80.14,24.02,54.23,2.40
1051.01,0.35,-1.72,8.71,44.81,93.0,19.6,-80.14,27.99,59.12,3.61
1051.05,0.13,-1.75,8.76,44.81,93.0,19.6,-63.79,28.55,49.34,-0.01
1051.09,0.37,-1.75,9.03,44.81,93.0,19.6,-80.14,27.62,44.45,-2.43
1051.13,0.08,-0.88,8.77,44.81,93.0,19.6,-273.15,28.74,33.45,-8.47
1051.17,0.14,-1.32,9.03,44.81,93.0,19.6,-273.15,28.74,26.12,-16.92
1051.21,0.21,0.22,9.05,44.81,93.0,19.6,-273.15,27.99,12.67,-20.54
1051.25,0.03,0.47,9.30,44.81,93.0,19.6,-273.15,27.99,5.34,-24.17
1051.29,0.12,1.16,9.30,44.81,93.0,19.6,-273.15,27.99,-4.44,-30.21
1051.33,0.01,1.01,9.26,44.81,93.0,19.6,-273.15,28.37,-15.44,-26.58
1051.37,0.20,1.34,9.03,44.81,93.0,19.6,-67.41,27.44,-26.43,-27.79
1051.41,0.13,1.75,9.16,44.81,93.0,19.6,-273.15,28.18,-32.55,-24.17
1051.45,0.12,2.18,9.08,44.81,93.0,19.6,-273.15,28.55,-43.54,-22.96
1051.49,0.23,2.70,9.17,44.81,93.0,19.6,-273.15,28.55,-52.10,-21.75
1051.53,0.13,2.09,9.01,44.81,93.0,19.6,-273.15,27.99,-54.54,-25.38
1051.57,0.18,1.53,9.25,44.81,93.0,19.6,-273.15,28.18,-55.77,-21.75
1051.61,0.17,1.19,9.02,44.81,93.0,19.6,-63.79,27.99,-55.77,-22.96
1051.65,0.33,1.71,8.94,44.81,93.0,19.6,-273.15,28.18,-49.66,-19.34
1051.69,0.33,1.60,9.17,44.81,93.0,19.6,-80.14,27.81,-47.21,-16.92
1051.73,0.40,0.78,9.37,44.81,93.0,19.6,-273.15,28.37,-47.21,-15.71
1051.77,0.05,0.29,9.02,44.81,93.0,19.6,-273.15,28.37,-42.32,-14.51
1051.81,-0.03,-0.50,8.81,44.81,93.0,19.6,-273.15,27.99,-33.77,-9.67
1051.85,0.02,-0.90,8.95,44.81,93.0,19.6,-273.15,28.18,-27.66,3.61
1051.89,0.32,-0.79,9.03,44.81,93.0,19.6,-273.15,28.18,-23.99,7.24
1051.93,0.28,-1.13,8.99,44.81,93.0,19.6,-67.41,28.55,-10.55,15.69
1051.97,0.11,-1.11,8.64,44.81,93.0,19.6,-80.14,28.18,-5.66,24.14
1052.01,0.17,-2.03,9.09,44.81,93.0,19.6,-273.15,28.55,-0.77,26.56
1052.05,0.28,-2.89,8.84,44.81,93.0,19.6,-273.15,27.99,5.34,39.85
1052.09,0.35,-2.74,8.94,44.81,93.0,19.6,-80.14,27.99,16.34,42.26
1052.13,0.34,-3.38,9.21,44.81,93.0,19.6,-273.15,28.74,23.67,43.47
1052.17,0.34,-3.22,9.15,44.81,93.0,19.6,-80.14,27.99,37.12,37.43
1052.21,0.24,-3.21,8.87,44.81,93.0,19.6,-273.15,29.13,37.12,26.56
1052.25,0.27,-3.52,8.55,44.81,93.0,19.6,-273.15,28.37,45.67,15.69
1052.29,0.37,-2.35,8.62,44.81,93.0,19.6,-80.14,27.99,51.78,7.24
1052.33,0.33,-2.71,9.13,44.81,93.0,19.6,-52.84,27.62,56.67,-0.01
1052.37,0.84,-2.71,9.56,44.81,93.0,19.6,-273.15,28.55,56.67,-0.01
1052.41,-0.09,-1.51,9.04,44.81,93.0,19.6,-273.15,28.74,48.12,-0.01
1052.45,0.88,-1.75,9.07,44.81,93.0,19.6,-80.14,27.99,38.34,-3.64
1052.49,0.96,-1.15,9.41,44.81,93.0,19.6,-273.15,28.74,29.78,-13.30
1052.53,0.84,0.01,9.26,44.81,93.0,19.6,-273.15,28.74,21.23,-18.13
1052.57,0.87,1.06,9.28,44.81,93.0,19.6,-80.14,27.62,11.45,-22.96
1052.61,1.07,1.29,9.52,44.81,93.0,19.6,-273.15,28.18,-3.21,-26.58
1052.65,1.21,1.60,9.34,44.81,93.0,19.6,-273.15,28.74,-4.44,-26.58
1052.69,0.69,1.55,9.31,44.81,93.0,19.6,-273.15,28.55,-22.77,-29.00
1052.73,0.90,1.44,9.57,44.81,93.0,19.6,-273.15,28.37,-31.32,-29.00
1052.77,0.55,2.01,9.21,44.81,93.0,19.6,-273.15,28.18,-37.43,-26.58
1052.81,0.43,2.56,9.36,44.81,93.0,19.6,-273.15,27.99,-48.43,-26.58
1052.85,0.51,2.12,9.21,44.81,93.0,19.6,-273.15,28.18,-52.10,-21.75
1052.89,0.48,1.72,9.28,44.81,93.0,19.6,-80.14,27.99,-55.77,-22.96
1052.93,0.29,1.04,9.45,44.81,93.0,19.6,-80.14,28.18,-55.77,-22.96
1052.97,0.30,0.87,9.28,44.81,93.0,19.6,-273.15,28.37,-55.77,-24.17
1053.01,0.16,1.41,9.28,44.81,93.0,19.6,-273.15,28.74,-48.43,-21.75
1053.05,0.17,2.44,8.58,44.81,93.0,19.6,-273.15,28.18,-45.99,-15.71
1053.09,0.17,0.41,8.95,44.81,93.0,19.6,-273.15,28.37,-43.54,-15.71
1053.13,0.23,-0.77,9.00,44.81,93.0,19.6,-273.15,28.55,-41.10,-8.47
1053.17,0.21,-0.97,8.93,44.81,93.0,19.6,-273.15,28.37,-32.55,-1.22
1053.21,0.23,-1.07,8.99,44.81,93.0,19.6,-273.15,28.37,-26.43,2.40
1053.25,0.27,-0.74,9.02,44.81,93.0,19.6,-72.30,28.55,-17.88,14.48
1053.29,0.18,-1.77,9.40,44.81,93.0,19.6,-72.30,28.55,-9.32,21.73
1053.33,0.26,-2.20,8.71,44.81,93.0,19.6,-273.15,27.99,-3.21,32.60
1053.37,0.16,-2.87,9.22,44.81,93.0,19.6,-80.14,27.99,4.12,33.81
1053.41,0.27,-3.75,9.45,44.81,93.0,19.6,-273.15,28.18,11.45,43.47
1053.45,0.36,-2.72,8.96,44.81,93.0,19.6,-273.15,28.37,20.01,44.68
1053.49,0.45,-2.83,9.00,44.81,93.0,19.6,-273.15,28.18,31.01,37.43
1053.53,0.27,-3.41,9.26,44.81,93.0,19.6,-273.15,27.44,39.56,30.18
1053.57,0.35,-3.49,9.37,44.81,93.0,19.6,-72.30,29.91,40.78,16.90
1053.61,0.30,-3.24,9.02,44.81,93.0,19.6,-80.14,27.99,49.34,9.65
1053.65,0.32,-2.95,9.01,44.81,93.0,19.6,-273.15,28.74,50.56,-2.43
1053.69,0.34,-2.10,8.96,44.81,93.0,19.6,-273.15,28.55,56.67,-0.01
1053.73,-0.07,-1.59,8.89,44.81,93.0,19.6,-273.15,28.37,50.56,-1.22
1053.77,0.09,-1.41,8.77,44.81,93.0,19.6,-273.15,28.74,40.78,-2.43
1053.81,0.94,-1.23,9.25,44.81,93.0,19.6,-273.15,27.44,39.56,-6.05
1053.85,0.66,-0.89,9.39,44.81,93.0,19.6,-273.15,28.37,24.90,-12.09
1053.89,1.13,0.41,9.35,44.81,93.0,19.6,-80.14,27.62,16.34,-15.71
1053.93,1.15,1.39,9.50,44.81,93.0,19.6,-273.15,28.55,5.34,-20.54
1053.97,0.54,1.28,8.50,44.81,93.0,19.6,-80.14,27.99,-4.44,-25.38
1054.01,0.30,1.70,9.67,44.81,93.0,19.6,-273.15,28.74,-16.66,-29.00
1054.05,0.54,1.45,9.31,44.81,93.0,19.6,-273.15,28.18,-25.21,-29.00
1054.09,0.30,2.05,9.34,44.81,93.0,19.6,-273.15,28.74,-37.43,-29.00
1054.13,0.33,2.13,9.36,44.81,93.0,19.6,-80.14,28.74,-41.10,-25.38
1054.17,0.41,2.35,9.40,44.81,93.0,19.6,-72.30,28.55,-50.88,-22.96
1054.21,0.36,2.01,9.18,44.81,93.0,19.6,-273.15,28.74,-55.77,-22.96
1054.25,0.32,1.36,9.23,44.81,93.0,19.6,-273.15,27.99,-56.99,-25.38
1054.29,0.31,1.03,9.49,44.81,93.0,19.6,-273.15,28.37,-54.54,-25.38
1054.33,0.51,1.45,9.21,44.81,93.0,19.6,-273.15,28.37,-54.54,-20.54
1054.37,0.40,1.32,9.40,44.81,93.0,19.6,-273.15,28.37,-48.43,-15.71
1054.41,0.54,0.62,9.25,44.81,93.0,19.6,-273.15,29.52,-47.21,-14.51
1054.45,0.77,0.40,8.83,44.81,93.0,19.6,-273.15,28.18,-41.10,-12.09
1054.49,0.59,-0.59,9.15,44.81,93.0,19.6,-273.15,28.37,-36.21,-8.47
1054.53,0.62,-1.23,9.27,44.81,93.0,19.6,-80.14,27.99,-26.43,2.40
1054.57,0.43,-0.98,9.09,44.81,93.0,19.6,-273.15,28.37,-20.32,8.44
1054.61,0.43,-1.30,8.96,44.81,93.0,19.6,-273.15,28.37,-14.21,20.52
1054.65,0.25,-1.93,9.62,44.81,93.0,19.6,-273.15,28.93,-1.99,30.18
1054.69,0.54,-2.14,8.35,44.81,93.0,19.6,-273.15,29.13,1.67,35.02
1054.73,0.15,-2.17,8.97,44.81,93.0,19.6,-273.15,27.99,5.34,39.85
1054.77,0.20,-3.08,9.05,44.81,93.0,19.6,-273.15,28.18,16.34,48.30
1054.81,0.35,-3.95,9.27,44.81,93.0,19.6,-72.30,34.21,24.90,43.47
1054.85,0.33,-3.29,8.91,44.81,93.0,19.6,-273.15,28.18,34.67,33.81
1054.89,0.36,-3.13,9.04,44.81,93.0,19.6,-80.14,27.99,38.34,21.73
1054.93,0.34,-2.92,9.04,44.81,93.0,19.6,-273.15,28.37,43.23,12.07
1054.97,0.18,-3.15,9.02,44.81,93.0,19.6,-80.14,27.99,50.56,3.61
1055.01,0.49,-1.76,8.79,44.81,93.0,19.6,-273.15,27.99,53.00,-3.64
1055.05,0.25,-3.08,8.72,44.81,93.0,19.6,-273.15,28.18,56.67,3.61
1055.09,1.05,-1.64,9.33,44.81,93.0,19.6,-273.15,28.55,42.01,-1.22
1055.13,0.46,-1.10,9.22,44.81,93.0,19.6,-273.15,29.13,43.23,-2.43
1055.17,0.41,-1.24,8.85,44.81,93.0,19.6,-273.15,28.55,27.34,-8.47
1055.21,0.36,-0.06,9.08,44.81,93.0,19.6,-273.15,28.55,18.78,-16.92
1055.25,0.23,0.70,8.81,44.81,93.0,19.6,-273.15,28.18,7.79,-20.54
1055.29,0.04,1.55,8.91,44.81,93.0,19.6,-80.14,27.62,0.45,-21.75
1055.33,0.73,1.29,9.63,44.81,93.0,19.6,-80.14,28.55,-8.10,-26.58
1055.37,0.28,1.68,9.44,44.81,93.0,19.6,-273.15,28.37,-25.21,-30.21
1055.41,0.36,1.53,9.34,44.81,93.0,19.6,-273.15,28.74,-33.77,-26.58
1055.45,0.31,2.22,9.35,44.81,93.0,19.6,-80.14,27.44,-42.32,-25.38
1055.49,0.41,2.50,9.42,44.81,93.0,19.6,-273.15,28.37,-47.21,-25.38
1055.53,0.42,2.27,9.13,44.81,93.0,19.6,-273.15,28.55,-55.77,-25.38
1055.57,0.28,1.55,9.01,44.81,93.0,19.6,-273.15,28.37,-55.77,-26.58
1055.61,0.15,1.02,9.23,44.81,93.0,19.6,-273.15,28.55,-54.54,-22.96
1055.65,0.29,1.50,9.41,44.81,93.0,19.6,-273.15,28.37,-52.10,-24.17
1055.69,0.57,1.60,8.98,44.81,93.0,19.6,-80.14,28.18,-45.99,-18.13
1055.73,0.60,1.49,9.19,44.81,93.0,19.6,-80.14,27.99,-45.99,-15.71
1055.77,0.38,0.97,8.66,44.81,93.0,19.6,-273.15,28.18,-41.10,-13.30
1055.81,0.35,-0.55,8.92,44.81,93.0,19.6,-273.15,28.18,-36.21,-7.26
1055.85,0.34,-0.99,9.16,44.81,93.0,19.6,-273.15,28.74,-31.32,-2.43
1055.89,0.40,-1.07,9.07,44.81,93.0,19.6,-273.15,28.37,-23.99,4.82
1055.93,0.32,-0.88,8.94,44.81,93.0,19.6,-60.89,28.18,-19.10,3.61
1055.97,0.50,-1.62,9.35,44.81,93.0,19.6,-273.15,30.72,-6.88,2.40
1056.01,0.29,-2.28,9.47,44.81,93.0,19.6,-273.15,28.37,-1.99,3.61
1056.05,0.25,-2.73,8.85,44.81,93.0,19.6,-273.15,28.55,2.90,6.03
1056.09,0.48,-3.55,8.89,44.81,93.0,19.6,-80.14,27.99,11.45,42.26
1056.13,0.57,-2.53,9.09,44.81,93.0,19.6,-41.59,28.18,22.45,44.68
1056.17,0.58,-2.85,9.15,44.81,93.0,19.6,-273.15,28.18,33.45,43.47
1056.21,0.42,-3.08,9.12,44.81,93.0,19.6,-273.15,27.99,38.34,25.35
1056.25,0.32,-3.30,8.97,44.81,93.0,19.6,-80.14,27.99,43.23,16.90
1056.29,0.23,-2.97,8.81,44.81,93.0,19.6,-273.15,28.18,50.56,10.86
1056.33,0.48,-2.85,9.50,44.81,93.0,19.6,-273.15,28.74,53.00,-0.01
1056.37,0.59,-2.32,8.84,44.81,93.0,19.6,-80.14,28.74,56.67,-3.64
1056.41,0.26,-1.29,8.80,44.81,93.0,19.6,-273.15,27.99,49.34,-4.84
1056.45,0.71,-1.60,8.86,44.81,93.0,19.6,-273.15,28.55,38.34,-3.64
1056.49,0.74,-0.94,9.23,44.81,93.0,19.6,-273.15,29.13,34.67,-6.05
1056.53,0.55,-0.55,9.12,44.81,93.0,19.6,-273.15,28.55,23.67,-12.09
1056.57,0.77,0.22,9.30,44.81,93.0,19.6,-63.79,27.99,21.23,-20.54
1056.61,0.82,1.49,9.28,44.81,93.0,19.6,-273.15,28.55,24.90,-20.54
1056.65,0.56,1.31,8.76,44.81,93.0,19.6,-273.15,28.37,24.90,-26.58
1056.69,0.11,1.56,9.52,44.81,93.0,19.6,-80.14,28.74,23.67,-30.21
1056.73,0.21,1.43,9.43,44.81,93.0,19.6,-273.15,28.37,-21.55,-29.00
1056.77,0.21,1.82,9.19,44.81,93.0,19.6,-273.15,29.13,-38.66,-31.42
1056.81,0.45,2.41,9.28,44.81,93.0,19.6,-273.15,28.18,-44.77,-24.17
1056.85,0.27,2.43,9.21,44.81,93.0,19.6,-67.41,27.99,-49.66,-25.38
1056.89,0.24,1.56,9.06,44.81,93.0,19.6,-273.15,27.99,-56.99,-29.00
1056.93,0.27,0.97,9.10,44.81,93.0,19.6,-80.14,27.62,-55.77,-22.96
1056.97,0.34,1.17,9.13,44.81,93.0,19.6,-72.30,28.74,-59.43,-26.58
1057.01,0.12,1.89,9.01,44.81,93.0,19.6,-80.14,27.99,-53.32,-20.54
1057.05,0.32,1.22,9.12,44.81,93.0,19.6,-273.15,28.18,-42.32,-15.71
1057.09,0.07,0.50,9.17,44.81,93.0,19.6,-273.15,28.18,-43.54,-13.30
1057.13,-0.04,-0.18,8.94,44.81,93.0,19.6,-80.14,27.99,-36.21,-12.09
1057.17,-0.12,-0.78,8.95,44.81,93.0,19.6,-80.14,27.99,-32.55,-1.22
1057.21,0.03,-1.14,9.01,44.81,93.0,19.6,-72.30,27.99,-25.21,-3.64
1057.25,0.24,-0.70,9.08,44.81,93.0,19.6,-273.15,28.18,-16.66,-3.64
1057.29,0.47,-1.39,9.32,44.81,93.0,19.6,-80.14,27.99,-8.10,-3.64
1057.33,0.40,-1.46,8.80,44.81,93.0,19.6,-273.15,28.74,-4.44,-4.84
1057.37,0.35,-2.02,8.93,44.81,93.0,19.6,-273.15,27.99,2.90,-4.84
1057.41,0.24,-3.06,9.34,44.81,93.0,19.6,-273.15,28.74,6.56,36.22
1057.45,0.42,-3.05,8.79,44.81,93.0,19.6,-80.14,28.18,18.78,49.51
1057.49,0.33,-3.32,8.99,44.81,93.0,19.6,-80.14,27.26,29.78,43.47
1057.53,0.35,-3.32,9.08,44.81,93.0,19.6,-273.15,28.55,37.12,44.68
1057.57,0.53,-3.06,9.16,44.81,93.0,19.6,-273.15,28.37,40.78,41.05
1057.61,0.30,-3.50,9.25,44.81,93.0,19.6,-273.15,28.74,44.45,42.26
1057.65,0.34,-3.31,9.08,44.81,93.0,19.6,-72.30,29.91,51.78,42.26
1057.69,0.62,-2.36,9.08,44.81,93.0,19.6,-80.14,27.44,57.89,-2.43
1057.73,0.65,-2.63,9.02,44.81,93.0,19.6,-273.15,28.37,56.67,2.40
1057.77,0.00,-2.68,8.92,44.81,93.0,19.6,-67.41,28.18,46.89,-2.43
1057.81,-0.15,-1.45,8.83,44.81,93.0,19.6,-273.15,27.81,40.78,-6.05
1057.85,-0.08,-1.65,8.75,44.81,93.0,19.6,-80.14,28.18,32.23,-8.47
1057.89,-0.47,0.45,8.82,44.81,93.0,19.6,-273.15,28.18,21.23,-18.13
1057.93,-0.07,0.54,8.74,44.81,93.0,19.6,-273.15,28.37,9.01,-21.75
1057.97,0.20,1.52,9.29,44.81,93.0,19.6,-273.15,28.55,0.45,-22.96
1058.01,0.60,1.89,8.80,44.81,93.0,19.6,-63.79,27.99,-9.32,-29.00
1058.05,0.20,1.09,9.04,44.81,93.0,19.6,-273.15,28.55,-23.99,-30.21
1058.09,0.24,1.66,9.23,44.81,93.0,19.6,-273.15,27.99,-32.55,-29.00
1058.13,0.26,2.05,9.34,44.81,93.0,19.6,-80.14,27.99,-41.10,-26.58
1058.17,0.35,2.69,9.16,44.81,93.0,19.6,-80.14,27.44,-45.99,-26.58
1058.21,0.29,2.20,9.34,44.81,93.0,19.6,-273.15,28.37,-56.99,-26.58
1058.25,0.31,1.56,9.15,44.81,93.0,19.6,-273.15,28.74,-55.77,-26.58
1058.29,0.10,0.79,9.06,44.81,93.0,19.6,-80.14,28.74,-52.10,-24.17
1058.33,0.19,1.33,9.14,44.81,93.0,19.6,-273.15,27.99,-50.88,-24.17
1058.37,0.04,1.68,9.35,44.81,93.0,19.6,-273.15,27.99,-44.77,-18.13
1058.41,0.25,0.87,8.90,44.81,93.0,19.6,-273.15,28.37,-43.54,-16.92
1058.45,0.16,0.18,9.24,44.81,93.0,19.6,-273.15,27.81,-41.10,-15.71
1058.49,0.21,-0.76,9.01,44.81,93.0,19.6,-273.15,28.37,-33.77,-6.05
1058.53,0.26,-0.90,9.09,44.81,93.0,19.6,-273.15,28.74,-27.66,2.40
1058.57,0.47,-0.80,9.10,44.81,93.0,19.6,-273.15,28.37,-25.21,2.40
1058.61,0.26,-0.89,8.97,44.81,93.0,19.6,-273.15,28.18,-12.99,6.03
1058.65,0.31,-1.43,9.06,44.81,93.0,19.6,-80.14,27.99,-5.66,2.40
1058.69,0.24,-2.05,8.90,44.81,93.0,19.6,-273.15,27.99,-1.99,-0.01
1058.73,0.20,-2.78,8.76,44.81,93.0,19.6,-80.14,28.37,1.67,1.20
1058.77,0.29,-3.14,9.02,44.81,93.0,19.6,-80.14,27.99,15.12,44.68
1058.81,0.50,-2.94,9.07,44.81,93.0,19.6,-80.14,27.99,24.90,45.89
1058.85,0.45,-3.17,9.24,44.81,93.0,19.6,-273.15,28.55,35.89,47.09
1058.89,0.34,-3.30,9.15,44.81,93.0,19.6,-46.34,28.74,39.56,48.30
1058.93,0.26,-3.26,8.99,44.81,93.0,19.6,-72.30,28.55,43.23,47.09
1058.97,0.10,-2.94,8.79,44.81,93.0,19.6,-273.15,28.18,54.23,49.51
1059.01,0.53,-2.77,8.89,44.81,93.0,19.6,-273.15,28.55,54.23,-0.01
1059.05,0.74,-2.76,9.40,44.81,93.0,19.6,-273.15,28.55,59.12,2.40
1059.09,0.02,-0.70,8.44,44.81,93.0,19.6,-273.15,28.18,48.12,1.20
1059.13,1.28,-1.54,9.02,44.81,93.0,19.6,-72.30,28.74,42.01,-2.43
1059.17,1.33,-1.14,9.68,44.81,93.0,19.6,-273.15,27.99,38.34,-10.88
1059.21,0.90,-0.60,9.21,44.81,93.0,19.6,-273.15,34.21,24.90,-14.51
1059.25,1.15,0.53,9.46,44.81,93.0,19.6,-80.14,27.99,17.56,-16.92
1059.29,0.64,1.28,9.39,44.81,93.0,19.6,-273.15,28.18,2.90,-20.54
1059.33,0.59,1.52,9.11,44.81,93.0,19.6,-80.14,27.81,-0.77,-24.17
1059.37,0.71,1.19,9.13,44.81,93.0,19.6,-80.14,27.62,-16.66,-26.58
1059.41,0.38,1.75,9.20,44.81,93.0,19.6,-273.15,27.99,-30.10,-32.62
1059.45,0.44,1.73,9.28,44.81,93.0,19.6,-273.15,28.37,-37.43,-25.38
1059.49,0.44,2.41,9.36,44.81,93.0,19.6,-80.14,27.44,-43.54,-24.17
1059.53,0.55,2.32,9.38,44.81,93.0,19.6,-273.15,28.74,-52.10,-27.79
1059.57,0.44,1.70,9.22,44.81,93.0,19.6,-273.15,27.81,-52.10,-22.96
1059.61,0.20,1.43,9.09,44.81,93.0,19.6,-80.14,27.99,-52.10,-25.38
1059.65,0.16,1.18,9.39,44.81,93.0,19.6,-273.15,28.55,-54.54,-21.75
1059.69,0.38,1.63,9.34,44.81,93.0,19.6,-273.15,28.18,-48.43,-18.13
1059.73,0.45,1.43,9.07,44.81,93.0,19.6,-63.79,28.74,-45.99,-16.92
1059.77,0.34,0.58,9.46,44.81,93.0,19.6,-273.15,28.37,-43.54,-14.51
1059.81,0.33,-0.48,9.29,44.81,93.0,19.6,-80.14,28.37,-39.88,-12.09
1059.85,0.31,-0.83,8.97,44.81,93.0,19.6,-273.15,28.55,-33.77,-2.43
1059.89,0.37,-1.39,9.11,44.81,93.0,19.6,-273.15,28.18,-25.21,-0.01
1059.93,0.51,-0.60,9.24,44.81,93.0,19.6,-273.15,28.55,-20.32,-1.22
1059.97,0.68,-1.53,8.79,44.81,93.0,19.6,-67.41,27.81,-9.32,-2.43
1060.01,0.66,-1.82,9.12,44.81,93.0,19.6,-67.41,28.18,-6.88,1.20
1060.05,0.43,-2.73,9.25,44.81,93.0,19.6,-80.14,28.18,2.90,2.40
1060.09,0.20,-2.86,8.74,44.81,93.0,19.6,-273.15,28.18,10.23,44.68
1060.13,0.26,-3.15,9.09,44.81,93.0,19.6,-80.14,27.99,21.23,47.09
1060.17,0.19,-3.11,8.95,44.81,93.0,19.6,-273.15,29.13,31.01,42.26
1060.21,0.35,-3.27,8.89,44.81,93.0,19.6,-273.15,26.90,32.23,32.60
1060.25,0.35,-3.15,9.06,44.81,93.0,19.6,-273.15,29.13,44.45,26.56
1060.29,0.40,-3.07,9.08,44.81,93.0,19.6,-273.15,28.55,46.89,10.86
1060.33,0.06,-3.46,9.40,44.81,93.0,19.6,-72.30,28.55,54.23,-0.01
1060.37,0.10,-1.73,8.83,44.81,93.0,19.6,-273.15,28.55,56.67,-1.22
1060.41,0.17,-2.87,9.20,44.81,93.0,19.6,-72.30,28.55,56.67,1.20
1060.45,0.24,-1.32,9.06,44.81,93.0,19.6,-273.15,28.18,45.67,1.20
1060.49,0.68,-1.43,9.08,44.81,93.0,19.6,-58.46,28.37,42.01,-4.84
1060.53,0.55,-1.19,9.28,44.81,93.0,19.6,-273.15,28.55,29.78,-13.30
1060.57,0.51,0.02,9.08,44.81,93.0,19.6,-273.15,27.99,23.67,-14.51
1060.61,0.45,1.07,9.19,44.81,93.0,19.6,-63.79,28.74,10.23,-18.13
1060.65,-0.44,1.40,8.39,44.81,93.0,19.6,-63.79,28.37,-3.21,-26.58
1060.69,0.45,1.71,8.71,44.81,93.0,19.6,-273.15,28.37,-16.66,-26.58
1060.73,-0.06,1.47,9.14,44.81,93.0,19.6,-273.15,27.99,-23.99,-31.42
1060.77,0.14,1.65,9.10,44.81,93.0,19.6,-273.15,28.37,-36.21,-29.00
1060.81,0.17,2.00,9.04,44.81,93.0,19.6,-273.15,28.74,-44.77,-27.79
1060.85,0.39,2.44,9.39,44.81,93.0,19.6,-273.15,27.99,-44.77,-29.00
1060.89,0.43,1.92,9.30,44.81,93.0,19.6,-273.15,28.55,-49.66,-22.96
1060.93,0.23,1.49,9.48,44.81,93.0,19.6,-80.14,27.99,-53.32,-22.96
1060.97,0.19,1.40,9.19,44.81,93.0,19.6,-80.14,28.18,-52.10,-20.54
1061.01,0.23,1.24,9.36,44.81,93.0,19.6,-273.15,27.08,-49.66,-19.34
1061.05,0.29,1.48,9.11,44.81,93.0,19.6,-72.30,28.37,-44.77,-14.51
1061.09,0.52,0.90,9.18,44.81,93.0,19.6,-273.15,28.18,-43.54,-16.92
1061.13,0.32,0.34,9.29,44.81,93.0,19.6,-80.14,27.99,-41.10,-12.09
1061.17,0.33,-0.56,8.92,44.81,93.0,19.6,-72.30,28.55,-36.21,-8.47
1061.21,0.39,-0.89,9.22,44.81,93.0,19.6,-63.79,28.55,-32.55,-0.01
1061.25,0.59,-0.73,9.30,44.81,93.0,19.6,-273.15,28.18,-22.77,7.24
1061.29,0.41,-0.87,8.84,44.81,93.0,19.6,-80.14,27.99,-19.10,18.11
1061.33,0.41,-1.82,9.39,44.81,93.0,19.6,-80.14,28.18,-19.10,30.18
1061.37,0.43,-2.09,8.19,44.81,93.0,19.6,-80.14,28.37,-21.55,28.98
1061.41,0.34,-2.41,9.25,44.81,93.0,19.6,-80.14,27.99,-20.32,38.64
1061.45,0.21,-3.06,9.15,44.81,93.0,19.6,-273.15,28.55,15.12,44.68
1061.49,0.38,-3.42,9.07,44.81,93.0,19.6,-273.15,28.18,29.78,45.89
1061.53,0.39,-3.28,9.03,44.81,93.0,19.6,-273.15,28.55,37.12,38.64
1061.57,0.37,-3.26,8.96,44.81,93.0,19.6,-80.14,27.99,39.56,30.18
1061.61,0.34,-3.27,9.05,44.81,93.0,19.6,-273.15,27.99,46.89,13.27
1061.65,0.32,-2.92,8.60,44.81,93.0,19.6,-80.14,27.99,51.78,4.82
1061.69,0.26,-2.14,9.15,44.81,93.0,19.6,-72.30,28.18,55.45,-1.22
1061.73,0.46,-3.53,9.02,44.81,93.0,19.6,-273.15,28.37,54.23,-0.01
1061.77,0.67,-1.27,9.08,44.81,93.0,19.6,-273.15,28.37,49.34,-0.01
1061.81,0.61,-1.96,9.35,44.81,93.0,19.6,-273.15,28.18,42.01,-2.43
1061.85,0.17,-1.00,9.05,44.81,93.0,19.6,-273.15,28.55,34.67,-9.67
1061.89,0.28,-0.49,9.00,44.81,93.0,19.6,-273.15,27.99,27.34,-14.51
1061.93,0.36,0.49,9.04,44.81,93.0,19.6,-80.14,27.99,13.90,-15.71
1061.97,0.45,1.40,9.18,44.81,93.0,19.6,-273.15,28.74,1.67,-24.17
1062.01,-0.20,2.00,8.72,44.81,93.0,19.6,-273.15,27.99,-11.77,-26.58
1062.05,0.42,1.05,9.94,44.81,93.0,19.6,-60.89,27.99,-19.10,-27.79
1062.09,-0.09,1.44,9.09,44.81,93.0,19.6,-67.41,27.62,-30.10,-32.62
1062.13,0.26,2.11,9.04,44.81,93.0,19.6,-273.15,28.55,-43.54,-29.00
1062.17,0.18,2.39,9.25,44.81,93.0,19.6,-80.14,27.99,-49.66,-29.00
1062.21,0.21,2.39,9.30,44.81,93.0,19.6,-273.15,27.99,-54.54,-26.58
1062.25,0.23,1.47,9.21,44.81,93.0,19.6,-273.15,28.18,-54.54,-24.17
1062.29,0.24,1.05,9.42,44.81,93.0,19.6,-273.15,28.18,-54.54,-22.96
1062.33,0.32,1.10,8.83,44.81,93.0,19.6,-273.15,28.74,-53.32,-21.75
1062.37,0.49,0.52,9.51,44.81,93.0,19.6,-72.30,28.18,-44.77,-19.34
1062.41,0.48,1.88,9.17,44.81,93.0,19.6,-72.30,27.99,-43.54,-13.30
1062.45,0.61,0.33,9.17,44.81,93.0,19.6,-273.15,27.44,-42.32,-9.67
1062.49,0.62,-0.67,9.12,44.81,93.0,19.6,-273.15,28.55,-37.43,-8.47
1062.53,0.46,-0.99,9.17,44.81,93.0,19.6,-273.15,28.37,-32.55,-4.84
1062.57,0.54,-1.14,9.04,44.81,93.0,19.6,-80.14,28.18,-23.99,6.03
1062.61,0.67,-0.58,9.11,44.81,93.0,19.6,-273.15,27.99,-14.21,4.82
1062.65,0.71,-1.13,9.39,44.81,93.0,19.6,-273.15,28.55,-8.10,4.82
1062.69,0.33,-1.72,9.10,44.81,93.0,19.6,-273.15,28.55,-3.21,3.61
1062.73,0.40,-2.94,8.99,44.81,93.0,19.6,-80.14,27.99,2.90,6.03
1062.77,0.57,-3.18,9.17,44.81,93.0,19.6,-273.15,27.99,12.67,41.05
1062.81,0.57,-3.14,9.19,44.81,93.0,19.6,-80.14,26.37,24.90,51.92
1062.85,0.44,-2.77,9.04,44.81,93.0,19.6,-273.15,27.81,34.67,39.85
1062.89,0.45,-3.08,9.02,44.81,93.0,19.6,-273.15,27.99,40.78,32.60
1062.93,0.46,-3.35,9.19,44.81,93.0,19.6,-273.15,28.18,39.56,22.94
1062.97,0.28,-3.14,9.19,44.81,93.0,19.6,-273.15,28.18,48.12,8.44
1063.01,0.33,-3.53,8.89,44.81,93.0,19.6,-273.15,27.99,51.78,-1.22
1063.05,0.23,-1.79,9.33,44.81,93.0,19.6,-273.15,28.37,57.89,-3.64
1063.09,0.75,-2.77,8.83,44.81,93.0,19.6,-273.15,28.55,51.78,-4.84
1063.13,-0.50,-2.45,9.22,44.81,93.0,19.6,-273.15,28.55,40.78,-1.22
1063.17,-0.43,-1.32,8.73,44.81,93.0,19.6,-80.14,27.99,46.89,-3.64
1063.21,-0.16,-1.10,8.74,44.81,93.0,19.6,-273.15,28.93,31.01,-13.30
1063.25,-0.17,0.35,8.86,44.81,93.0,19.6,-273.15,28.37,18.78,-16.92
1063.29,-0.18,1.12,8.86,44.81,93.0,19.6,-273.15,28.37,4.12,-22.96
1063.33,0.15,0.88,9.36,44.81,93.0,19.6,-80.14,27.99,-3.21,-24.17
1063.37,-0.29,2.02,8.50,44.81,93.0,19.6,-273.15,28.74,-16.66,-31.42
1063.41,0.01,0.94,9.20,44.81,93.0,19.6,-273.15,28.37,-27.66,-31.42
1063.45,-0.19,1.94,9.17,44.81,93.0,19.6,-273.15,29.13,-32.55,-31.42
1063.49,0.02,2.18,9.11,44.81,93.0,19.6,-80.14,27.99,-42.32,-26.58
1063.53,0.23,2.70,9.17,44.81,93.0,19.6,-273.15,28.18,-47.21,-27.79
1063.57,0.22,1.95,9.29,44.81,93.0,19.6,-273.15,28.74,-54.54,-27.79
1063.61,0.12,1.39,9.12,44.81,93.0,19.6,-80.14,27.44,-55.77,-26.58
1063.65,0.38,0.96,9.33,44.81,93.0,19.6,-80.14,28.74,-52.10,-25.38
1063.69,0.14,1.53,9.33,44.81,93.0,19.6,-273.15,28.18,-50.88,-18.13
1063.73,0.35,1.53,9.02,44.81,93.0,19.6,-80.14,27.99,-44.77,-18.13
1063.77,0.50,0.21,9.54,44.81,93.0,19.6,-273.15,28.18,-47.21,-14.51
1063.81,0.42,-0.05,9.04,44.81,93.0,19.6,-67.41,27.62,-41.10,-10.88
1063.85,0.21,-0.66,8.98,44.81,93.0,19.6,-273.15,28.18,-37.43,-4.84
1063.89,0.32,-1.04,9.08,44.81,93.0,19.6,-273.15,28.18,-27.66,-1.22
1063.93,0.42,-0.72,9.15,44.81,93.0,19.6,-80.14,27.62,-20.32,9.65
1063.97,0.56,-1.08,9.07,44.81,93.0,19.6,-273.15,28.55,-25.21,7.24
1064.01,0.61,-1.44,9.17,44.81,93.0,19.6,-273.15,28.37,-21.55,7.24
1064.05,0.41,-2.32,9.13,44.81,93.0,19.6,-273.15,27.99,-20.32,10.86
1064.09,0.37,-2.74,8.96,44.81,93.0,19.6,-273.15,28.55,-21.55,9.65
1064.13,0.52,-2.96,8.93,44.81,93.0,19.6,-273.15,28.55,17.56,49.51
1064.17,0.56,-3.42,9.19,44.81,93.0,19.6,-273.15,28.55,28.56,44.68
1064.21,0.42,-3.20,9.10,44.81,93.0,19.6,-273.15,28.18,40.78,41.05
1064.25,0.32,-3.21,8.90,44.81,93.0,19.6,-67.41,28.18,39.56,26.56
1064.29,0.33,-3.52,9.05,44.81,93.0,19.6,-273.15,28.74,49.34,13.27
1064.33,0.48,-3.35,9.01,44.81,93.0,19.6,-80.14,27.99,53.00,1.20
1064.37,0.52,-2.03,9.70,44.81,93.0,19.6,-273.15,28.55,55.45,-8.47
1064.41,0.74,-3.67,9.03,44.81,93.0,19.6,-273.15,28.55,55.45,-4.84
1064.45,0.44,-1.64,9.41,44.81,93.0,19.6,-273.15,28.74,46.89,-3.64
1064.49,0.94,-1.93,9.37,44.81,93.0,19.6,-273.15,29.13,42.01,-3.64
1064.53,0.43,-1.29,9.13,44.81,93.0,19.6,-273.15,28.37,32.23,-9.67
1064.57,0.61,-0.04,9.04,44.81,93.0,19.6,-60.89,27.99,27.34,-10.88
1064.61,0.44,0.73,9.17,44.81,93.0,19.6,-273.15,28.37,10.23,-16.92
1064.65,0.50,1.45,9.12,44.81,93.0,19.6,-273.15,28.37,1.67,-21.75
1064.69,0.74,1.28,9.25,44.81,93.0,19.6,-72.30,28.18,-11.77,-25.38
1064.73,0.47,1.18,9.45,44.81,93.0,19.6,-273.15,28.55,-19.10,-29.00
1064.77,0.38,1.38,9.51,44.81,93.0,19.6,-273.15,28.55,-37.43,-30.21
1064.81,0.50,1.92,9.13,44.81,93.0,19.6,-273.15,28.55,-39.88,-30.21
1064.85,0.40,2.68,9.45,44.81,93.0,19.6,-273.15,28.18,-45.99,-32.62
1064.89,0.44,2.31,9.25,44.81,93.0,19.6,-273.15,28.37,-54.54,-29.00
1064.93,0.34,1.43,9.33,44.81,93.0,19.6,-56.36,28.55,-52.10,-25.38
1064.97,0.18,1.15,9.18,44.81,93.0,19.6,-273.15,28.55,-59.43,-26.58
1065.01,0.37,0.69,9.30,44.81,93.0,19.6,-80.14,28.74,-53.32,-24.17
1065.05,0.34,1.17,9.16,44.81,93.0,19.6,-273.15,28.55,-50.88,-20.54
1065.09,0.39,1.10,9.54,44.81,93.0,19.6,-273.15,28.55,-44.77,-16.92
1065.13,0.26,0.45,9.26,44.81,93.0,19.6,-273.15,28.55,-47.21,-10.88
1065.17,0.42,-1.05,8.85,44.81,93.0,19.6,-63.79,27.99,-36.21,-7.26
1065.21,0.28,-1.17,9.18,44.81,93.0,19.6,-80.14,28.18,-30.10,-3.64
1065.25,0.34,-1.09,8.99,44.81,93.0,19.6,-273.15,28.37,-23.99,4.82
1065.29,0.27,-0.59,8.89,44.81,93.0,19.6,-80.14,27.99,-22.77,7.24
1065.33,0.11,-0.96,8.57,44.81,93.0,19.6,-80.14,28.18,-23.99,6.03
1065.37,0.21,-1.84,9.08,44.81,93.0,19.6,-273.15,28.18,-21.55,6.03
1065.41,0.30,-3.30,9.26,44.81,93.0,19.6,-80.14,28.37,-23.99,6.03
1065.45,0.33,-3.63,9.29,44.81,93.0,19.6,-273.15,27.81,13.90,44.68
1065.49,0.41,-2.80,9.11,44.81,93.0,19.6,-273.15,26.37,26.12,51.92
1065.53,0.50,-2.84,9.10,44.81,93.0,19.6,-273.15,28.55,37.12,43.47
1065.57,0.38,-3.20,9.19,44.81,93.0,19.6,-273.15,29.71,40.78,44.68
1065.61,0.17,-3.30,9.21,44.81,93.0,19.6,-80.14,28.18,46.89,44.68
1065.65,0.38,-3.38,9.02,44.81,93.0,19.6,-273.15,28.93,50.56,38.64
1065.69,0.30,-2.86,8.94,44.81,93.0,19.6,-273.15,28.55,50.56,42.26
1065.73,0.21,-1.95,8.83,44.81,93.0,19.6,-273.15,28.18,56.67,-4.84
1065.77,0.76,-2.75,9.32,44.81,93.0,19.6,-273.15,28.18,53.00,-1.22
1065.81,-0.79,-1.56,8.33,44.81,93.0,19.6,-273.15,28.18,40.78,1.20
1065.85,-0.30,-1.41,8.65,44.81,93.0,19.6,-273.15,28.18,38.34,-2.43
1065.89,-0.36,-0.92,9.05,44.81,93.0,19.6,-273.15,28.37,27.34,-9.67
1065.93,-0.42,0.45,8.63,44.81,93.0,19.6,-273.15,28.37,17.56,-15.71
1065.97,-0.72,1.30,8.60,44.81,93.0,19.6,-44.29,28.18,5.34,-22.96
1066.01,-0.62,1.48,8.92,44.81,93.0,19.6,-80.14,27.99,-8.10,-24.17
1066.05,-0.23,1.30,9.03,44.81,93.0,19.6,-63.79,28.74,-16.66,-30.21
1066.09,-0.47,0.90,9.05,44.81,93.0,19.6,-273.15,27.99,-27.66,-31.42
1066.13,-0.32,1.75,8.92,44.81,93.0,19.6,-273.15,28.18,-33.77,-29.00
1066.17,-0.12,2.25,9.09,44.81,93.0,19.6,-80.14,28.74,-45.99,-29.00
1066.21,0.09,2.61,9.20,44.81,93.0,19.6,-72.30,28.18,-50.88,-27.79
1066.25,0.17,1.81,9.09,44.81,93.0,19.6,-67.41,28.74,-56.99,-25.38
1066.29,0.14,0.96,9.24,44.81,93.0,19.6,-273.15,28.74,-56.99,-29.00
1066.33,0.20,0.83,9.17,44.81,93.0,19.6,-273.15,28.37,-55.77,-26.58
1066.37,0.38,1.28,9.08,44.81,93.0,19.6,-273.15,28.55,-50.88,-25.38
1066.41,0.42,2.10,9.01,44.81,93.0,19.6,-80.14,27.99,-45.99,-15.71
1066.45,0.34,0.85,9.00,44.81,93.0,19.6,-273.15,28.18,-43.54,-12.09
1066.49,0.45,-0.24,9.10,44.81,93.0,19.6,-63.79,28.37,-42.32,-9.67
1066.53,0.30,-1.12,9.40,44.81,93.0,19.6,-273.15,28.18,-36.21,-4.84
1066.57,0.37,-1.20,9.25,44.81,93.0,19.6,-273.15,28.55,-28.88,-1.22
1066.61,0.37,-0.59,8.93,44.81,93.0,19.6,-80.14,27.99,-20.32,13.27
1066.65,0.01,-1.34,9.19,44.81,93.0,19.6,-273.15,28.55,-9.32,18.11
1066.69,0.13,-1.83,8.78,44.81,93.0,19.6,-273.15,28.55,-4.44,30.18
1066.73,0.11,-2.46,8.42,44.81,93.0,19.6,-80.14,28.18,2.90,36.22
1066.77,-0.01,-2.41,8.84,44.81,93.0,19.6,-273.15,28.18,10.23,42.26
1066.81,0.14,-2.67,8.91,44.81,93.0,19.6,-273.15,28.37,16.34,45.89
1066.85,0.25,-3.63,9.08,44.81,93.0,19.6,-80.14,28.74,27.34,44.68
1066.89,0.36,-3.34,9.04,44.81,93.0,19.6,-273.15,28.55,34.67,37.43
1066.93,0.32,-3.29,9.05,44.81,93.0,19.6,-273.15,28.37,40.78,27.77
1066.97,0.25,-3.10,9.15,44.81,93.0,19.6,-273.15,28.18,46.89,16.90
1067.01,0.52,-3.03,8.44,44.81,93.0,19.6,-273.15,28.18,53.00,6.03
1067.05,0.33,-2.23,9.46,44.81,93.0,19.6,-63.79,28.74,57.89,-2.43
1067.09,0.49,-2.61,8.97,44.81,93.0,19.6,-67.41,28.18,56.67,-6.05
1067.13,0.40,-1.49,8.62,44.81,93.0,19.6,-80.14,28.18,45.67,-1.22
1067.17,0.79,-1.51,9.19,44.81,93.0,19.6,-273.15,28.18,37.12,-4.84
1067.21,0.72,-1.49,9.19,44.81,93.0,19.6,-80.14,27.44,38.34,-8.47
1067.25,0.82,0.05,9.29,44.81,93.0,19.6,-80.14,28.37,27.34,-16.92
1067.29,1.33,1.10,9.82,44.81,93.0,19.6,-273.15,28.37,13.90,-18.13
1067.33,1.67,1.90,9.99,44.81,93.0,19.6,-273.15,28.55,-3.21,-21.75
1067.37,1.09,1.84,9.47,44.81,93.0,19.6,-273.15,28.37,-14.21,-27.79
1067.41,0.99,1.46,9.87,44.81,93.0,19.6,-273.15,28.37,-25.21,-32.62
1067.45,0.77,1.62,9.46,44.81,93.0,19.6,-273.15,28.55,-32.55,-29.00
1067.49,0.85,2.11,9.32,44.81,93.0,19.6,-80.14,28.74,-42.32,-32.62
1067.53,0.60,2.59,9.49,44.81,93.0,19.6,-273.15,28.55,-48.43,-29.00
1067.57,0.49,2.17,9.36,44.81,93.0,19.6,-273.15,28.37,-53.32,-30.21
1067.61,0.27,1.61,9.36,44.81,93.0,19.6,-273.15,28.37,-56.99,-25.38
1067.65,0.29,0.95,9.34,44.81,93.0,19.6,-273.15,28.55,-53.32,-24.17
1067.69,0.32,1.08,9.48,44.81,93.0,19.6,-273.15,28.74,-54.54,-24.17
1067.73,0.35,1.44,9.46,44.81,93.0,19.6,-80.14,27.99,-45.99,-22.96
1067.77,0.47,1.44,9.25,44.81,93.0,19.6,-80.14,27.99,-44.77,-15.71
1067.81,0.23,0.64,8.84,44.81,93.0,19.6,-273.15,28.55,-43.54,-8.47
1067.85,0.07,-0.88,9.08,44.81,93.0,19.6,-273.15,28.37,-36.21,-6.05
1067.89,0.13,-0.84,8.99,44.81,93.0,19.6,-80.14,27.99,-28.88,-0.01
1067.93,0.37,-0.88,8.94,44.81,93.0,19.6,-273.15,28.74,-23.99,8.44
1067.97,0.50,-0.93,9.25,44.81,93.0,19.6,-273.15,28.55,-19.10,15.69
1068.01,0.29,-1.39,9.48,44.81,93.0,19.6,-63.79,28.74,-6.88,22.94
1068.05,0.29,-2.29,9.09,44.81,93.0,19.6,-72.30,28.74,4.12,30.18
1068.09,0.21,-2.97,9.00,44.81,93.0,19.6,-273.15,29.13,6.56,38.64
1068.13,0.51,-3.65,9.05,44.81,93.0,19.6,-80.14,27.99,15.12,42.26
1068.17,0.59,-2.51,9.04,44.81,93.0,19.6,-273.15,28.18,24.90,49.51
1068.21,0.55,-2.69,9.18,44.81,93.0,19.6,-80.14,27.62,35.89,47.09
1068.25,0.45,-3.27,9.35,44.81,93.0,19.6,-80.14,27.99,40.78,33.81
1068.29,0.35,-3.92,9.11,44.81,93.0,19.6,-273.15,28.18,44.45,19.31
1068.33,-0.00,-3.13,9.42,44.81,93.0,19.6,-273.15,28.18,50.56,12.07
1068.37,0.44,-2.66,8.94,44.81,93.0,19.6,-273.15,28.18,54.23,1.20
1068.41,0.50,-2.24,9.18,44.81,93.0,19.6,-80.14,28.37,55.45,-7.26
1068.45,0.22,-1.87,8.94,44.81,93.0,19.6,-80.14,27.99,54.23,-3.64
1068.49,0.28,-1.85,8.92,44.81,93.0,19.6,-60.89,27.99,44.45,-3.64
1068.53,0.27,-1.20,9.01,44.81,93.0,19.6,-273.15,28.55,43.23,-4.84
1068.57,0.03,-0.79,8.96,44.81,93.0,19.6,-273.15,28.18,33.45,-10.88
1068.61,0.42,0.24,9.03,44.81,93.0,19.6,-273.15,28.74,16.34,-16.92
1068.65,0.63,1.52,9.36,44.81,93.0,19.6,-80.14,27.44,2.90,-19.34
1068.69,0.56,1.73,9.19,44.81,93.0,19.6,-273.15,28.37,-9.32,-26.58
1068.73,0.30,1.25,9.00,44.81,93.0,19.6,-63.79,28.37,-19.10,-26.58
1068.77,0.46,1.40,9.51,44.81,93.0,19.6,-273.15,28.18,-30.10,-30.21
1068.81,0.31,1.99,9.18,44.81,93.0,19.6,-273.15,28.18,-41.10,-32.62
1068.85,0.44,2.53,9.22,44.81,93.0,19.6,-273.15,28.55,-45.99,-31.42
1068.89,0.42,2.56,9.36,44.81,93.0,19.6,-273.15,28.37,-49.66,-27.79
1068.93,0.19,1.74,9.25,44.81,93.0,19.6,-273.15,27.99,-53.32,-26.58
1068.97,0.33,1.27,9.02,44.81,93.0,19.6,-273.15,28.55,-58.21,-26.58
1069.01,0.24,1.24,9.30,44.81,93.0,19.6,-63.79,28.37,-50.88,-27.79
1069.05,0.45,1.40,9.38,44.81,93.0,19.6,-80.14,27.99,-50.88,-21.75
1069.09,0.56,1.59,8.97,44.81,93.0,19.6,-273.15,28.55,-47.21,-16.92
1069.13,0.15,0.68,9.15,44.81,93.0,19.6,-273.15,27.99,-43.54,-14.51
1069.17,0.07,-0.27,9.19,44.81,93.0,19.6,-273.15,27.62,-36.21,-6.05
1069.21,0.19,-0.92,8.95,44.81,93.0,19.6,-60.89,28.74,-31.32,-2.43
1069.25,0.23,-1.15,9.06,44.81,93.0,19.6,-80.14,28.74,-26.43,3.61
1069.29,0.51,-0.79,9.13,44.81,93.0,19.6,-80.14,27.99,-19.10,12.07
1069.33,0.37,-1.21,9.41,44.81,93.0,19.6,-273.15,28.18,-9.32,16.90
1069.37,0.41,-2.12,9.31,44.81,93.0,19.6,-273.15,28.37,0.45,28.98
1069.41,0.45,-2.28,9.54,44.81,93.0,19.6,-273.15,28.37,0.45,35.02
1069.45,0.11,-2.81,9.26,44.81,93.0,19.6,-58.46,28.18,6.56,39.85
1069.49,0.25,-2.92,9.03,44.81,93.0,19.6,-273.15,27.99,18.78,37.43
1069.53,0.36,-3.51,8.94,44.81,93.0,19.6,-80.14,28.18,32.23,45.89
1069.57,0.41,-3.59,9.16,44.81,93.0,19.6,-273.15,28.37,37.12,37.43
1069.61,0.32,-2.97,9.02,44.81,93.0,19.6,-273.15,28.18,45.67,30.18
1069.65,0.31,-3.13,8.79,44.81,93.0,19.6,-80.14,28.18,49.34,15.69
1069.69,0.40,-3.23,9.28,44.81,93.0,19.6,-80.14,29.32,49.34,4.82
1069.73,0.34,-2.10,8.86,44.81,93.0,19.6,-273.15,27.62,55.45,-6.05
1069.77,0.67,-2.28,8.94,44.81,93.0,19.6,-273.15,28.37,51.78,-9.67
1069.81,0.05,-2.15,8.88,44.81,93.0,19.6,-273.15,28.37,43.23,-4.84
1069.85,-0.70,-1.15,8.71,44.81,93.0,19.6,-80.14,28.18,44.45,-4.84
1069.89,-0.18,-1.54,8.69,44.81,93.0,19.6,-80.14,27.99,38.34,-9.67
1069.93,-0.34,0.33,8.97,44.81,93.0,19.6,-273.15,28.37,21.23,-13.30
1069.97,-0.31,0.65,8.90,44.81,93.0,19.6,-80.14,28.18,15.12,-15.71
1070.01,0.43,1.32,9.50,44.81,93.0,19.6,-273.15,25.68,0.45,-16.92
1070.05,0.18,2.02,8.85,44.81,93.0,19.6,-273.15,27.44,-10.55,-22.96
1070.09,0.25,1.05,9.17,44.81,93.0,19.6,-273.15,27.81,-27.66,-29.00
1070.13,0.21,1.76,9.21,44.81,93.0,19.6,-273.15,28.55,-34.99,-36.25
1070.17,0.23,1.91,9.43,44.81,93.0,19.6,-273.15,28.37,-43.54,-36.25
1070.21,0.36,2.73,9.15,44.81,93.0,19.6,-46.34,28.55,-48.43,-31.42
1070.25,0.32,2.22,9.58,44.81,93.0,19.6,-52.84,28.18,-52.10,-29.00
1070.29,0.24,1.13,9.33,44.81,93.0,19.6,-273.15,27.99,-54.54,-27.79
1070.33,0.39,0.74,9.34,44.81,93.0,19.6,-273.15,28.74,-50.88,-25.38
1070.37,0.10,1.18,9.40,44.81,93.0,19.6,-80.14,27.99,-49.66,-22.96
1070.41,0.40,1.36,9.33,44.81,93.0,19.6,-80.14,27.99,-45.99,-19.34
1070.45,0.28,0.98,9.27,44.81,93.0,19.6,-273.15,28.18,-43.54,-12.09
1070.49,0.41,0.22,9.22,44.81,93.0,19.6,-273.15,28.55,-41.10,-7.26
1070.53,0.23,-0.95,9.04,44.81,93.0,19.6,-273.15,27.99,-34.99,-7.26
1070.57,0.15,-0.93,9.06,44.81,93.0,19.6,-273.15,28.93,-28.88,-0.01
1070.61,0.41,-0.81,9.05,44.81,93.0,19.6,-80.14,27.81,-23.99,7.24
1070.65,0.63,-1.19,9.28,44.81,93.0,19.6,-80.14,27.99,-14.21,10.86
1070.69,0.64,-1.18,9.23,44.81,93.0,19.6,-72.30,28.37,-5.66,24.14
1070.73,0.37,-1.87,8.78,44.81,93.0,19.6,-273.15,29.13,-1.99,31.39
1070.77,0.42,-3.40,9.37,44.81,93.0,19.6,-273.15,28.18,5.34,38.64
1070.81,0.53,-3.48,9.33,44.81,93.0,19.6,-273.15,28.74,15.12,44.68
1070.85,0.56,-2.81,9.30,44.81,93.0,19.6,-72.30,28.55,22.45,47.09
1070.89,0.57,-3.05,9.20,44.81,93.0,19.6,-273.15,28.74,34.67,47.09
1070.93,0.33,-3.25,9.07,44.81,93.0,19.6,-273.15,28.74,40.78,36.22
1070.97,0.44,-3.51,8.88,44.81,93.0,19.6,-273.15,28.37,44.45,36.22
1071.01,0.13,-2.99,9.46,44.81,93.0,19.6,-273.15,28.37,48.12,33.81
1071.05,0.55,-2.58,8.81,44.81,93.0,19.6,-273.15,28.37,53.00,33.81
1071.09,0.52,-2.11,8.96,44.81,93.0,19.6,-273.15,29.13,57.89,37.43
1071.13,0.26,-1.35,9.52,44.81,93.0,19.6,-273.15,29.13,48.12,-7.26
1071.17,1.18,-1.78,8.93,44.81,93.0,19.6,-273.15,29.13,40.78,-4.84
1071.21,0.82,-1.27,9.56,44.81,93.0,19.6,-273.15,28.55,38.34,-10.88
1071.25,0.87,-0.34,9.14,44.81,93.0,19.6,-273.15,28.18,33.45,-10.88
1071.29,1.13,0.46,9.52,44.81,93.0,19.6,-273.15,28.18,21.23,-13.30
1071.33,0.78,1.47,9.34,44.81,93.0,19.6,-273.15,28.55,7.79,-15.71
1071.37,0.34,1.52,9.32,44.81,93.0,19.6,-273.15,27.99,-9.32,-20.54
1071.41,0.55,1.39,9.37,44.81,93.0,19.6,-80.14,28.37,-17.88,-26.58
1071.45,0.10,1.83,9.34,44.81,93.0,19.6,-80.14,28.18,-28.88,-31.42
1071.49,0.50,1.95,9.33,44.81,93.0,19.6,-80.14,28.18,-39.88,-35.04
1071.53,0.29,2.62,9.17,44.81,93.0,19.6,-273.15,28.18,-49.66,-35.04
1071.57,0.50,2.45,9.16,44.81,93.0,19.6,-273.15,28.55,-54.54,-35.04
1071.61,0.36,1.69,9.24,44.81,93.0,19.6,-39.24,28.55,-56.99,-31.42
1071.65,0.42,0.91,9.38,44.81,93.0,19.6,-273.15,28.18,-53.32,-26.58
1071.69,0.38,1.29,9.02,44.81,93.0,19.6,-273.15,28.55,-53.32,-29.00
1071.73,0.45,1.31,9.19,44.81,93.0,19.6,-273.15,28.74,-50.88,-21.75
1071.77,0.27,2.04,8.71,44.81,93.0,19.6,-67.41,27.99,-44.77,-13.30
1071.81,0.48,0.65,9.31,44.81,93.0,19.6,-80.14,27.99,-39.88,-10.88
1071.85,0.38,-0.62,9.25,44.81,93.0,19.6,-273.15,28.18,-34.99,-7.26
1071.89,0.32,-0.99,9.34,44.81,93.0,19.6,-273.15,28.55,-37.43,-0.01
1071.93,0.45,-1.25,9.12,44.81,93.0,19.6,-72.30,28.37,-25.21,3.61
1071.97,0.25,-0.73,9.00,44.81,93.0,19.6,-80.14,27.99,-20.32,12.07
1072.01,0.38,-1.10,9.15,44.81,93.0,19.6,-80.14,30.92,-20.32,15.69
1072.05,0.43,-1.85,9.23,44.81,93.0,19.6,-80.14,27.99,-19.10,26.56
1072.09,0.47,-2.97,9.29,44.81,93.0,19.6,-273.15,27.81,-21.55,28.98
1072.13,0.39,-3.08,9.20,44.81,93.0,19.6,-273.15,28.18,-19.10,41.05
1072.17,0.40,-3.00,9.19,44.81,93.0,19.6,-80.14,27.81,20.01,44.68
1072.21,0.35,-3.20,9.11,44.81,93.0,19.6,-80.14,28.74,33.45,48.30
1072.25,0.40,-3.22,9.01,44.81,93.0,19.6,-273.15,28.18,44.45,42.26
1072.29,0.42,-3.05,9.30,44.81,93.0,19.6,-80.14,29.13,45.67,41.05
1072.33,0.36,-3.65,9.01,44.81,93.0,19.6,-273.15,28.18,51.78,43.47
1072.37,0.43,-3.62,9.10,44.81,93.0,19.6,-273.15,28.18,56.67,44.68
1072.41,0.65,-2.20,9.18,44.81,93.0,19.6,-80.14,27.99,57.89,42.26
1072.45,0.04,-2.04,8.50,44.81,93.0,19.6,-273.15,29.13,51.78,-7.26
1072.49,0.61,-1.29,8.88,44.81,93.0,19.6,-80.14,28.37,42.01,-12.09
1072.53,0.08,-1.33,9.28,44.81,93.0,19.6,-273.15,28.37,38.34,-8.47
1072.57,0.38,-1.08,8.85,44.81,93.0,19.6,-273.15,28.74,38.34,-9.67
1072.61,0.51,0.02,9.01,44.81,93.0,19.6,-72.30,28.37,24.90,-14.51
1072.65,0.11,0.83,9.04,44.81,93.0,19.6,-273.15,27.62,23.67,-15.71
1072.69,-0.35,1.51,8.90,44.81,93.0,19.6,-72.30,28.18,27.34,-19.34
1072.73,0.04,0.89,9.31,44.81,93.0,19.6,-273.15,28.37,24.90,-27.79
1072.77,0.31,1.33,9.26,44.81,93.0,19.6,-60.89,30.92,27.34,-26.58
1072.81,0.12,1.52,9.25,44.81,93.0,19.6,-273.15,28.18,-38.66,-35.04
1072.85,0.05,2.43,9.00,44.81,93.0,19.6,-273.15,29.13,-47.21,-35.04
1072.89,0.23,2.63,9.29,44.81,93.0,19.6,-273.15,26.72,-50.88,-32.62
1072.93,0.19,1.90,9.24,44.81,93.0,19.6,-273.15,28.74,-54.54,-30.21
1072.97,0.25,1.44,9.34,44.81,93.0,19.6,-273.15,27.99,-53.32,-30.21
1073.01,0.30,0.86,9.40,44.81,93.0,19.6,-273.15,28.18,-53.32,-24.17
1073.05,0.45,1.39,9.17,44.81,93.0,19.6,-273.15,28.74,-47.21,-21.75
1073.09,0.50,1.55,9.21,44.81,93.0,19.6,-273.15,28.55,-47.21,-16.92
1073.13,0.20,0.93,9.23,44.81,93.0,19.6,-80.14,27.99,-44.77,-12.09
1073.17,0.45,0.09,9.24,44.81,93.0,19.6,-273.15,27.62,-37.43,-7.26
1073.21,0.44,-0.88,9.07,44.81,93.0,19.6,-56.36,28.55,-32.55,1.20
1073.25,0.38,-0.89,9.09,44.81,93.0,19.6,-80.14,27.62,-28.88,4.82
1073.29,0.43,-0.81,9.09,44.81,93.0,19.6,-273.15,28.18,-21.55,9.65
1073.33,0.48,-1.39,9.27,44.81,93.0,19.6,-273.15,28.74,-14.21,12.07
1073.37,0.52,-1.70,9.34,44.81,93.0,19.6,-80.14,26.72,-12.99,21.73
1073.41,0.16,-1.83,8.59,44.81,93.0,19.6,-273.15,28.55,-19.10,28.98
1073.45,0.15,-2.88,8.83,44.81,93.0,19.6,-273.15,28.55,-15.44,37.43
1073.49,0.25,-2.82,8.80,44.81,93.0,19.6,-273.15,28.55,-16.66,43.47
1073.53,0.43,-3.16,9.15,44.81,93.0,19.6,-273.15,27.08,28.56,49.51
1073.57,0.24,-3.32,9.14,44.81,93.0,19.6,-273.15,28.18,37.12,50.72
1073.61,0.25,-3.46,9.00,44.81,93.0,19.6,-273.15,28.74,45.67,35.02
1073.65,0.28,-3.00,9.33,44.81,93.0,19.6,-273.15,28.18,50.56,20.52
1073.69,0.24,-2.90,9.08,44.81,93.0,19.6,-52.84,27.62,53.00,4.82
1073.73,0.29,-2.06,8.81,44.81,93.0,19.6,-80.14,27.26,57.89,-3.64
1073.77,0.77,-2.27,8.90,44.81,93.0,19.6,-273.15,28.55,53.00,-9.67
1073.81,-0.04,-2.08,9.13,44.81,93.0,19.6,-72.30,28.74,49.34,-13.30
1073.85,0.32,-1.64,9.04,44.81,93.0,19.6,-273.15,28.74,56.67,-9.67
1073.89,0.35,-1.43,8.97,44.81,93.0,19.6,-273.15,28.55,39.56,-10.88
1073.93,0.07,0.12,8.88,44.81,93.0,19.6,-80.14,27.62,33.45,-10.88
1073.97,-0.10,0.52,9.21,44.81,93.0,19.6,-273.15,28.18,20.01,-13.30
1074.01,0.58,1.08,9.12,44.81,93.0,19.6,-72.30,28.55,7.79,-15.71
1074.05,0.75,1.70,9.56,44.81,93.0,19.6,-273.15,28.18,-5.66,-16.92
1074.09,0.43,1.65,9.01,44.81,93.0,19.6,-80.14,28.18,-19.10,-24.17
1074.13,0.36,1.37,9.27,44.81,93.0,19.6,-273.15,28.18,-32.55,-27.79
1074.17,0.44,2.21,9.30,44.81,93.0,19.6,-273.15,28.18,-44.77,-35.04
1074.21,0.46,2.51,9.37,44.81,93.0,19.6,-273.15,28.18,-49.66,-33.83
1074.25,0.47,2.17,9.30,44.81,93.0,19.6,-80.14,27.81,-50.88,-31.42
1074.29,0.43,1.46,9.38,44.81,93.0,19.6,-273.15,28.74,-52.10,-29.00
1074.33,0.36,1.00,9.19,44.81,93.0,19.6,-273.15,28.37,-50.88,-24.17
1074.37,0.41,1.00,9.45,44.81,93.0,19.6,-273.15,28.37,-52.10,-26.58
1074.41,0.17,2.05,9.22,44.81,93.0,19.6,-273.15,28.18,-50.88,-18.13
1074.45,0.59,1.55,9.11,44.81,93.0,19.6,-273.15,28.18,-44.77,-14.51
1074.49,0.44,0.64,9.09,44.81,93.0,19.6,-273.15,28.18,-41.10,-10.88
1074.53,0.30,-0.81,9.25,44.81,93.0,19.6,-80.14,27.99,-36.21,-3.64
1074.57,0.33,-1.01,9.15,44.81,93.0,19.6,-273.15,32.41,-34.99,2.40
1074.61,0.32,-0.99,8.98,44.81,93.0,19.6,-72.30,28.18,-25.21,8.44
1074.65,0.28,-0.40,8.91,44.81,93.0,19.6,-273.15,28.55,-17.88,8.44
1074.69,-0.05,-1.75,9.01,44.81,93.0,19.6,-80.14,28.37,-19.10,4.82
1074.73,0.02,-2.32,9.00,44.81,93.0,19.6,-273.15,28.18,-17.88,6.03
1074.77,0.20,-2.86,8.95,44.81,93.0,19.6,-80.14,28.18,-17.88,7.24
1074.81,0.34,-2.96,8.86,44.81,93.0,19.6,-273.15,28.74,-15.44,7.24
1074.85,0.27,-2.77,8.90,44.81,93.0,19.6,-273.15,28.18,20.01,48.30
1074.89,0.24,-2.97,8.93,44.81,93.0,19.6,-80.14,27.44,34.67,50.72
1074.93,0.20,-3.25,8.99,44.81,93.0,19.6,-80.14,27.99,45.67,49.51
1074.97,0.39,-3.08,9.25,44.81,93.0,19.6,-63.79,28.18,45.67,49.51
1075.01,0.34,-3.87,9.16,44.81,93.0,19.6,-273.15,28.18,51.78,50.72
1075.05,0.19,-2.37,8.78,44.81,93.0,19.6,-67.41,27.99,57.89,50.72
1075.09,0.21,-1.78,8.67,44.81,93.0,19.6,-273.15,28.18,59.12,-3.64
1075.13,0.23,-2.41,9.19,44.81,93.0,19.6,-273.15,28.37,51.78,-13.30
1075.17,-0.53,-2.07,8.74,44.81,93.0,19.6,-67.41,28.18,38.34,-10.88
1075.21,0.56,-1.41,8.78,44.81,93.0,19.6,-273.15,28.55,39.56,-7.26
1075.25,0.48,-1.20,9.46,44.81,93.0,19.6,-273.15,28.37,33.45,-12.09
1075.29,0.71,0.56,9.13,44.81,93.0,19.6,-273.15,28.18,26.12,-10.88
1075.33,0.59,1.07,9.56,44.81,93.0,19.6,-273.15,28.18,13.90,-12.09
1075.37,0.76,1.77,9.31,44.81,93.0,19.6,-60.89,27.81,13.90,-18.13
1075.41,0.20,1.72,9.18,44.81,93.0,19.6,-273.15,28.55,11.45,-19.34
1075.45,0.41,1.60,9.34,44.81,93.0,19.6,-67.41,28.74,9.01,-29.00
1075.49,0.29,1.68,9.45,44.81,93.0,19.6,-80.14,28.18,12.67,-32.62
1075.53,0.44,2.37,9.03,44.81,93.0,19.6,-60.89,27.99,-45.99,-33.83
1075.57,0.42,2.53,9.45,44.81,93.0,19.6,-56.36,28.18,-52.10,-35.04
1075.61,0.32,1.77,9.18,44.81,93.0,19.6,-80.14,28.93,-52.10,-30.21
1075.65,0.24,1.34,9.05,44.81,93.0,19.6,-67.41,27.44,-54.54,-26.58
1075.69,0.21,1.23,9.06,44.81,93.0,19.6,-273.15,27.99,-53.32,-25.38
1075.73,0.22,2.06,8.73,44.81,93.0,19.6,-273.15,28.55,-50.88,-22.96
1075.77,0.24,1.56,9.22,44.81,93.0,19.6,-80.14,27.99,-47.21,-18.13
1075.81,0.57,0.96,8.91,44.81,93.0,19.6,-273.15,28.18,-43.54,-12.09
1075.85,0.49,0.13,9.03,44.81,93.0,19.6,-273.15,28.37,-38.66,-7.26
1075.89,0.59,-0.84,9.32,44.81,93.0,19.6,-72.30,28.37,-34.99,-6.05
1075.93,0.53,-1.04,9.21,44.81,93.0,19.6,-273.15,28.18,-23.99,4.82
1075.97,0.74,-0.87,9.37,44.81,93.0,19.6,-273.15,28.37,-22.77,4.82
1076.01,0.84,-1.25,9.41,44.81,93.0,19.6,-54.50,27.62,-10.55,13.27
1076.05,0.89,-1.30,9.03,44.81,93.0,19.6,-273.15,28.18,-3.21,24.14
1076.09,0.76,-2.56,9.30,44.81,93.0,19.6,-80.14,28.55,4.12,32.60
1076.13,0.68,-2.92,9.54,44.81,93.0,19.6,-273.15,28.18,7.79,41.05
1076.17,0.51,-3.10,9.22,44.81,93.0,19.6,-80.14,27.99,15.12,42.26
1076.21,0.65,-3.32,9.16,44.81,93.0,19.6,-273.15,28.18,13.90,49.51
1076.25,0.44,-3.24,9.13,44.81,93.0,19.6,-273.15,28.37,13.90,49.51
1076.29,0.36,-3.48,8.98,44.81,93.0,19.6,-72.30,27.99,10.23,47.09
1076.33,0.38,-3.55,9.29,44.81,93.0,19.6,-273.15,29.13,12.67,49.51
1076.37,0.40,-2.48,8.70,44.81,93.0,19.6,-273.15,28.37,54.23,45.89
1076.41,0.55,-2.43,9.49,44.81,93.0,19.6,-273.15,26.55,56.67,47.09
1076.45,0.17,-2.45,9.02,44.81,93.0,19.6,-273.15,28.55,54.23,-12.09
1076.49,0.96,-1.97,9.05,44.81,93.0,19.6,-273.15,28.74,42.01,-10.88
1076.53,0.33,-2.21,9.57,44.81,93.0,19.6,-273.15,28.55,31.01,-9.67
1076.57,-0.11,-1.15,8.84,44.81,93.0,19.6,-273.15,28.18,29.78,-8.47
1076.61,0.13,0.10,8.91,44.81,93.0,19.6,-273.15,27.99,28.56,-12.09
1076.65,0.10,0.51,9.22,44.81,93.0,19.6,-63.79,27.99,23.67,-13.30
1076.69,0.02,0.86,9.02,44.81,93.0,19.6,-273.15,28.55,6.56,-15.71
1076.73,0.13,0.89,9.13,44.81,93.0,19.6,-273.15,28.74,10.23,-20.54
1076.77,0.19,1.30,9.00,44.81,93.0,19.6,-80.14,27.99,9.01,-26.58
1076.81,0.18,1.53,9.53,44.81,93.0,19.6,-273.15,28.18,6.56,-31.42
1076.85,0.25,2.11,9.39,44.81,93.0,19.6,-67.41,27.62,5.34,-36.25
1076.89,0.24,2.55,9.13,44.81,93.0,19.6,-273.15,28.55,-54.54,-36.25
1076.93,0.22,2.09,9.26,44.81,93.0,19.6,-80.14,27.44,-56.99,-30.21
1076.97,0.25,1.21,9.18,44.81,93.0,19.6,-37.13,28.74,-52.10,-26.58
1077.01,0.05,1.04,8.98,44.81,93.0,19.6,-273.15,28.55,-54.54,-27.79
1077.05,0.34,1.36,9.46,44.81,93.0,19.6,-273.15,28.55,-52.10,-24.17
1077.09,0.45,1.46,9.25,44.81,93.0,19.6,-273.15,28.55,-53.32,-20.54
1077.13,0.57,0.44,9.57,44.81,93.0,19.6,-273.15,28.55,-47.21,-15.71
1077.17,0.41,0.85,8.93,44.81,93.0,19.6,-273.15,28.55,-42.32,-10.88
1077.21,0.39,-0.99,9.25,44.81,93.0,19.6,-273.15,27.99,-37.43,-8.47
1077.25,0.30,-1.01,9.30,44.81,93.0,19.6,-273.15,28.18,-33.77,-0.01
1077.29,0.44,-0.90,9.05,44.81,93.0,19.6,-273.15,27.99,-25.21,3.61
1077.33,0.58,-0.79,9.15,44.81,93.0,19.6,-273.15,28.55,-17.88,13.27
1077.37,0.71,-1.10,9.09,44.81,93.0,19.6,-80.14,29.71,-15.44,15.69
1077.41,0.39,-2.31,8.94,44.81,93.0,19.6,-273.15,27.99,-15.44,27.77
1077.45,0.52,-3.20,9.59,44.81,93.0,19.6,-273.15,28.37,-17.88,36.22
1077.49,0.80,-3.16,9.09,44.81,93.0,19.6,-273.15,28.55,-16.66,41.05
1077.53,0.71,-2.83,9.22,44.81,93.0,19.6,-273.15,28.37,20.01,45.89
1077.57,0.64,-2.94,9.14,44.81,93.0,19.6,-273.15,28.55,33.45,48.30
1077.61,0.47,-3.25,8.99,44.81,93.0,19.6,-273.15,28.37,40.78,38.64
1077.65,0.47,-3.37,9.11,44.81,93.0,19.6,-273.15,27.99,46.89,38.64
1077.69,0.38,-3.03,9.41,44.81,93.0,19.6,-63.79,27.99,51.78,38.64
1077.73,0.57,-3.24,9.14,44.81,93.0,19.6,-63.79,27.99,59.12,41.05
1077.77,0.41,-1.63,9.02,44.81,93.0,19.6,-273.15,28.55,59.12,38.64
1077.81,0.10,-2.52,8.76,44.81,93.0,19.6,-273.15,28.37,49.34,-16.92
1077.85,0.44,-1.92,9.10,44.81,93.0,19.6,-273.15,28.93,39.56,-12.09
1077.89,0.38,-1.04,9.09,44.81,93.0,19.6,-273.15,29.32,37.12,-8.47
1077.93,0.76,-0.89,9.08,44.81,93.0,19.6,-273.15,28.55,32.23,-13.30
1077.97,0.67,0.54,9.16,44.81,93.0,19.6,-273.15,28.37,21.23,-14.51
1078.01,0.71,0.93,9.35,44.81,93.0,19.6,-80.14,28.18,11.45,-15.71
1078.05,-0.06,1.44,8.85,44.81,93.0,19.6,-273.15,27.81,-0.77,-20.54
1078.09,0.11,1.48,8.80,44.81,93.0,19.6,-273.15,29.13,-17.88,-22.96
1078.13,0.32,1.49,8.98,44.81,93.0,19.6,-80.14,27.62,-26.43,-27.79
1078.17,0.36,1.65,9.31,44.81,93.0,19.6,-80.14,27.99,-41.10,-36.25
1078.21,0.35,2.50,9.00,44.81,93.0,19.6,-80.14,27.99,-48.43,-33.83
1078.25,0.32,2.47,9.35,44.81,93.0,19.6,-80.14,28.18,-50.88,-35.04
1078.29,0.19,1.52,9.28,44.81,93.0,19.6,-80.14,28.18,-54.54,-27.79
1078.33,0.34,1.39,9.13,44.81,93.0,19.6,-273.15,28.55,-55.77,-26.58
1078.37,0.34,1.30,9.28,44.81,93.0,19.6,-80.14,27.99,-53.32,-24.17
1078.41,0.40,1.65,9.21,44.81,93.0,19.6,-80.14,27.99,-48.43,-21.75
1078.45,0.35,1.55,9.50,44.81,93.0,19.6,-60.89,27.99,-50.88,-18.13
1078.49,0.42,-0.07,9.40,44.81,93.0,19.6,-273.15,28.37,-44.77,-15.71
1078.53,0.14,0.11,9.18,44.81,93.0,19.6,-273.15,28.55,-39.88,-8.47
1078.57,0.20,-0.75,8.88,44.81,93.0,19.6,-273.15,28.55,-32.55,-2.43
1078.61,0.30,-0.90,9.05,44.81,93.0,19.6,-273.15,28.93,-26.43,4.82
1078.65,0.37,-0.73,9.14,44.81,93.0,19.6,-273.15,28.55,-21.55,7.24
1078.69,0.41,-1.19,9.07,44.81,93.0,19.6,-72.30,28.93,-20.32,14.48
1078.73,0.49,-1.66,9.24,44.81,93.0,19.6,-273.15,28.55,-21.55,21.73
1078.77,0.44,-1.97,8.94,44.81,93.0,19.6,-80.14,28.18,-19.10,33.81
1078.81,0.35,-2.88,9.18,44.81,93.0,19.6,-273.15,28.55,-19.10,41.05
1078.85,0.45,-2.79,9.01,44.81,93.0,19.6,-273.15,28.37,12.67,42.26
1078.89,0.49,-3.37,9.12,44.81,93.0,19.6,-273.15,28.74,15.12,48.30
1078.93,0.45,-3.43,9.10,44.81,93.0,19.6,-72.30,28.18,13.90,48.30
1078.97,0.26,-3.17,8.87,44.81,93.0,19.6,-80.14,28.74,13.90,35.02
1079.01,0.31,-3.21,8.84,44.81,93.0,19.6,-273.15,28.18,13.90,36.22
1079.05,0.27,-3.02,9.18,44.81,93.0,19.6,-273.15,28.55,56.67,36.22
1079.09,0.38,-1.37,8.63,44.81,93.0,19.6,-273.15,28.18,61.56,38.64
1079.13,0.46,-2.74,9.47,44.81,93.0,19.6,-273.15,28.55,56.67,37.43
1079.17,0.77,-2.47,9.64,44.81,93.0,19.6,-273.15,30.11,40.78,-18.13
1079.21,0.35,-1.50,8.89,44.81,93.0,19.6,-80.14,27.62,34.67,-13.30
1079.25,0.61,-1.53,9.06,44.81,93.0,19.6,-273.15,28.74,33.45,-12.09
1079.29,0.42,0.33,9.23,44.81,93.0,19.6,-80.14,28.74,26.12,-14.51
1079.33,0.00,0.41,8.72,44.81,93.0,19.6,-273.15,28.74,16.34,-10.88
1079.37,-0.17,0.97,9.28,44.81,93.0,19.6,-273.15,28.74,2.90,-14.51
1079.41,0.56,1.71,9.32,44.81,93.0,19.6,-273.15,28.37,-9.32,-20.54
1079.45,0.25,1.41,8.54,44.81,93.0,19.6,-80.14,28.37,-20.32,-27.79
1079.49,0.37,1.79,9.42,44.81,93.0,19.6,-273.15,27.99,-34.99,-33.83
1079.53,0.31,1.91,9.39,44.81,93.0,19.6,-67.41,27.81,-44.77,-36.25
1079.57,0.39,2.63,9.20,44.81,93.0,19.6,-80.14,27.99,-50.88,-32.62
1079.61,0.42,1.88,9.39,44.81,93.0,19.6,-273.15,29.13,-53.32,-31.42
1079.65,0.35,1.73,9.14,44.81,93.0,19.6,-273.15,28.37,-56.99,-29.00
1079.69,0.19,0.93,9.23,44.81,93.0,19.6,-273.15,28.18,-54.54,-27.79
1079.73,0.37,1.51,9.32,44.81,93.0,19.6,-80.14,28.74,-49.66,-22.96
1079.77,0.29,1.61,8.91,44.81,93.0,19.6,-273.15,28.74,-47.21,-19.34
1079.81,0.58,1.40,9.36,44.81,93.0,19.6,-273.15,28.18,-44.77,-13.30
1079.85,0.56,0.22,9.32,44.81,93.0,19.6,-273.15,27.99,-44.77,-13.30
1079.89,0.43,-1.07,9.23,44.81,93.0,19.6,-80.14,28.18,-37.43,-6.05
1079.93,0.33,-0.85,8.96,44.81,93.0,19.6,-273.15,28.55,-31.32,-0.01
1079.97,0.45,-0.90,9.14,44.81,93.0,19.6,-273.15,28.18,-21.55,7.24
1080.01,0.56,-0.57,9.12,44.81,93.0,19.6,-273.15,28.37,-15.44,12.07
1080.05,0.58,-0.96,9.07,44.81,93.0,19.6,-273.15,27.99,-17.88,14.48
1080.09,0.50,-2.35,9.12,44.81,93.0,19.6,-72.30,28.55,-15.44,28.98
1080.13,0.34,-3.34,9.05,44.81,93.0,19.6,-45.29,27.99,-19.10,35.02
1080.17,0.33,-3.30,9.26,44.81,93.0,19.6,-273.15,28.55,-17.88,38.64
1080.21,0.42,-2.67,8.96,44.81,93.0,19.6,-80.14,27.99,-15.44,48.30
1080.25,0.51,-2.94,9.20,44.81,93.0,19.6,-273.15,27.99,-16.66,42.26
1080.29,0.32,-3.38,9.09,44.81,93.0,19.6,-273.15,29.13,-16.66,48.30
1080.33,0.22,-3.58,8.93,44.81,93.0,19.6,-273.15,27.81,-17.88,47.09
1080.37,0.25,-3.22,8.85,44.81,93.0,19.6,-273.15,28.55,-17.88,45.89
1080.41,0.74,-2.77,8.97,44.81,93.0,19.6,-72.30,28.18,-15.44,4.82
1080.45,0.47,-1.82,8.99,44.81,93.0,19.6,-273.15,28.55,-17.88,-14.51
1080.49,0.01,-1.74,8.40,44.81,93.0,19.6,-273.15,29.13,-16.66,-16.92
1080.53,0.82,-2.13,9.01,44.81,93.0,19.6,-273.15,28.55,-16.66,-20.54
1080.57,0.54,-1.03,9.37,44.81,93.0,19.6,-273.15,28.55,27.34,-10.88
1080.61,0.18,-0.74,9.00,44.81,93.0,19.6,-273.15,28.37,29.78,-10.88
1080.65,0.57,0.61,9.19,44.81,93.0,19.6,-63.79,28.37,21.23,-13.30
1080.69,0.83,1.07,9.17,44.81,93.0,19.6,-80.14,27.99,10.23,-10.88
1080.73,0.57,1.71,9.40,44.81,93.0,19.6,-273.15,26.72,-0.77,-15.71
1080.77,0.22,1.14,9.25,44.81,93.0,19.6,-80.14,27.99,-14.21,-24.17
1080.81,0.03,1.46,9.32,44.81,93.0,19.6,-80.14,27.81,-25.21,-27.79
1080.85,0.38,2.15,9.25,44.81,93.0,19.6,-273.15,28.55,-39.88,-33.83
1080.89,0.30,2.45,9.20,44.81,93.0,19.6,-63.79,28.18,-50.88,-38.66
1080.93,0.20,2.36,9.29,44.81,93.0,19.6,-80.14,28.74,-53.32,-38.66
1080.97,0.14,1.55,9.12,44.81,93.0,19.6,-273.15,28.18,-53.32,-30.21
1081.01,0.16,0.96,9.18,44.81,93.0,19.6,-273.15,28.55,-60.65,-27.79
1081.05,0.34,1.16,9.29,44.81,93.0,19.6,-273.15,28.18,-56.99,-27.79
1081.09,0.35,1.57,8.87,44.81,93.0,19.6,-80.14,27.44,-48.43,-22.96
1081.13,0.25,1.32,9.45,44.81,93.0,19.6,-273.15,28.37,-47.21,-16.92
1081.17,0.18,0.31,9.38,44.81,93.0,19.6,-273.15,28.74,-43.54,-14.51
1081.21,0.14,-0.39,9.05,44.81,93.0,19.6,-273.15,28.55,-41.10,-8.47
1081.25,0.15,-0.82,9.19,44.81,93.0,19.6,-72.30,28.55,-32.55,-1.22
1081.29,0.23,-1.03,9.00,44.81,93.0,19.6,-273.15,28.37,-25.21,8.44
1081.33,0.45,-0.55,8.90,44.81,93.0,19.6,-80.14,28.37,-19.10,6.03
1081.37,0.91,-1.63,9.45,44.81,93.0,19.6,-273.15,28.55,-16.66,13.27
1081.41,0.56,-1.54,8.44,44.81,93.0,19.6,-80.14,28.37,-17.88,21.73
1081.45,0.60,-2.41,9.19,44.81,93.0,19.6,-273.15,28.74,-19.10,33.81
1081.49,0.54,-2.94,9.22,44.81,93.0,19.6,-273.15,29.13,-20.32,39.85
1081.53,0.48,-3.17,9.21,44.81,93.0,19.6,-80.14,28.74,13.90,42.26
1081.57,0.51,-3.04,9.14,44.81,93.0,19.6,-273.15,28.18,20.01,48.30
1081.61,0.35,-3.36,9.01,44.81,93.0,19.6,-273.15,28.18,18.78,49.51
1081.65,0.38,-3.22,9.18,44.81,93.0,19.6,-273.15,29.13,17.56,47.09
1081.69,0.40,-3.24,9.38,44.81,93.0,19.6,-273.15,28.74,17.56,49.51
1081.73,0.45,-2.69,9.03,44.81,93.0,19.6,-273.15,28.74,59.12,49.51
1081.77,0.36,-1.97,9.31,44.81,93.0,19.6,-273.15,28.55,56.67,48.30
1081.81,0.64,-2.24,8.98,44.81,93.0,19.6,-273.15,28.55,50.56,-14.51
1081.85,-0.43,-1.50,8.56,44.81,93.0,19.6,-273.15,28.55,40.78,-18.13
1081.89,-0.34,-1.24,8.82,44.81,93.0,19.6,-60.89,28.18,31.01,-14.51
1081.93,0.05,-1.26,8.82,44.81,93.0,19.6,-80.14,28.37,29.78,-10.88
1081.97,-0.14,0.57,8.93,44.81,93.0,19.6,-63.79,27.62,29.78,-10.88
1082.01,0.10,0.69,8.70,44.81,93.0,19.6,-273.15,28.18,17.56,-12.09
1082.05,0.59,1.16,9.47,44.81,93.0,19.6,-80.14,27.81,1.67,-15.71
1082.09,0.53,1.91,9.20,44.81,93.0,19.6,-273.15,28.37,-9.32,-18.13
1082.13,0.21,1.56,8.71,44.81,93.0,19.6,-60.89,28.74,-22.77,-24.17
1082.17,0.36,2.18,9.34,44.81,93.0,19.6,-72.30,28.74,-37.43,-31.42
1082.21,0.45,1.79,9.53,44.81,93.0,19.6,-273.15,28.74,-47.21,-33.83
1082.25,0.43,2.55,9.29,44.81,93.0,19.6,-80.14,27.99,-50.88,-35.04
1082.29,0.35,2.03,9.46,44.81,93.0,19.6,-273.15,27.99,-55.77,-32.62
1082.33,0.39,1.42,9.25,44.81,93.0,19.6,-273.15,28.37,-59.43,-29.00
1082.37,0.33,0.87,9.17,44.81,93.0,19.6,-80.14,27.81,-55.77,-24.17
1082.41,0.36,1.56,9.33,44.81,93.0,19.6,-273.15,27.99,-53.32,-25.38
1082.45,0.39,1.52,9.27,44.81,93.0,19.6,-273.15,28.37,-52.10,-20.54
1082.49,0.14,1.45,9.14,44.81,93.0,19.6,-67.41,28.37,-41.10,-13.30
1082.53,0.12,0.23,8.90,44.81,93.0,19.6,-273.15,28.55,-43.54,-10.88
1082.57,0.11,-0.81,8.90,44.81,93.0,19.6,-273.15,28.74,-33.77,-2.43
1082.61,0.11,-0.78,9.05,44.81,93.0,19.6,-273.15,28.37,-32.55,2.40
1082.65,0.29,-0.60,8.95,44.81,93.0,19.6,-273.15,29.13,-22.77,9.65
1082.69,0.28,-1.04,9.15,44.81,93.0,19.6,-63.79,28.37,-15.44,8.44
1082.73,0.09,-1.49,9.13,44.81,93.0,19.6,-80.14,27.99,-12.99,14.48
1082.77,0.02,-1.80,8.75,44.81,93.0,19.6,-273.15,28.18,-11.77,31.39
1082.81,0.05,-2.87,8.66,44.81,93.0,19.6,-273.15,29.13,-10.55,36.22
1082.85,0.24,-3.11,9.00,44.81,93.0,19.6,-273.15,27.99,-14.21,38.64
1082.89,0.20,-2.94,9.10,44.81,93.0,19.6,-273.15,28.18,-14.21,48.30
1082.93,0.24,-3.21,9.10,44.81,93.0,19.6,-273.15,28.18,-12.99,47.09
1082.97,0.20,-3.38,9.16,44.81,93.0,19.6,-80.14,27.99,-14.21,42.26
1083.01,0.32,-3.58,9.08,44.81,93.0,19.6,-273.15,28.74,-15.44,47.09
1083.05,0.20,-3.25,9.21,44.81,93.0,19.6,-273.15,29.13,53.00,47.09
1083.09,0.20,-2.18,8.77,44.81,93.0,19.6,-273.15,28.55,54.23,45.89
1083.13,0.27,-2.41,9.01,44.81,93.0,19.6,-273.15,28.18,57.89,-10.88
1083.17,0.24,-1.30,9.10,44.81,93.0,19.6,-273.15,28.18,46.89,-16.92
1083.21,-0.28,-2.22,8.97,44.81,93.0,19.6,-63.79,28.37,32.23,-19.34
1083.25,-0.12,-1.35,8.78,44.81,93.0,19.6,-273.15,28.37,29.78,-15.71
1083.29,0.03,-0.16,8.81,44.81,93.0,19.6,-273.15,29.13,29.78,-12.09
1083.33,-0.22,0.40,8.77,44.81,93.0,19.6,-273.15,28.55,20.01,-12.09
1083.37,0.74,1.22,9.24,44.81,93.0,19.6,-273.15,27.99,7.79,-15.71
1083.41,0.44,1.54,8.86,44.81,93.0,19.6,-80.14,28.74,-4.44,-16.92
1083.45,0.35,1.14,9.14,44.81,93.0,19.6,-51.33,28.18,-22.77,-22.96
1083.49,0.32,0.97,9.69,44.81,93.0,19.6,-80.14,28.18,-28.88,-29.00
1083.53,0.39,2.02,9.25,44.81,93.0,19.6,-63.79,28.37,-42.32,-37.45
1083.57,0.31,2.44,9.17,44.81,93.0,19.6,-273.15,27.99,-50.88,-37.45
1083.61,0.14,2.28,9.30,44.81,93.0,19.6,-273.15,28.55,-55.77,-33.83
1083.65,0.20,1.53,9.15,44.81,93.0,19.6,-273.15,27.99,-53.32,-30.21
1083.69,0.21,1.08,9.22,44.81,93.0,19.6,-273.15,29.13,-54.54,-24.17
1083.73,0.19,1.51,9.18,44.81,93.0,19.6,-273.15,28.37,-56.99,-25.38
1083.77,0.32,1.54,9.03,44.81,93.0,19.6,-273.15,29.13,-50.88,-27.79
1083.81,0.41,1.48,9.61,44.81,93.0,19.6,-273.15,28.55,-47.21,-15.71
1083.85,0.18,0.04,9.48,44.81,93.0,19.6,-273.15,28.37,-44.77,-14.51
1083.89,0.28,-0.52,9.15,44.81,93.0,19.6,-80.14,28.37,-34.99,-4.84
1083.93,0.41,-0.81,8.99,44.81,93.0,19.6,-273.15,28.18,-31.32,-0.01
1083.97,0.42,-1.01,9.17,44.81,93.0,19.6,-80.14,28.18,-23.99,7.24
1084.01,0.64,-0.61,9.18,44.81,93.0,19.6,-273.15,28.74,-17.88,7.24
1084.05,0.75,-0.99,9.30,44.81,93.0,19.6,-273.15,28.55,-19.10,15.69
1084.09,0.44,-2.15,9.23,44.81,93.0,19.6,-273.15,29.13,-17.88,24.14
1084.13,0.32,-2.60,9.05,44.81,93.0,19.6,-273.15,29.13,-19.10,28.98
1084.17,0.38,-2.73,9.23,44.81,93.0,19.6,-80.14,25.85,-17.88,39.85
1084.21,0.37,-3.16,9.19,44.81,93.0,19.6,-80.14,27.99,23.67,47.09
1084.25,0.28,-3.27,9.05,44.81,93.0,19.6,-273.15,28.37,18.78,48.30
1084.29,0.33,-3.38,9.05,44.81,93.0,19.6,-273.15,28.37,20.01,49.51
1084.33,0.41,-3.29,9.31,44.81,93.0,19.6,-273.15,28.55,21.23,51.92
1084.37,0.30,-3.01,8.88,44.81,93.0,19.6,-273.15,28.93,21.23,50.72
1084.41,0.41,-3.19,8.94,44.81,93.0,19.6,-273.15,28.55,56.67,45.89
1084.45,0.24,-1.11,8.06,44.81,93.0,19.6,-80.14,28.74,60.34,49.51
1084.49,0.17,-2.27,9.26,44.81,93.0,19.6,-273.15,28.37,48.12,-18.13
1084.53,0.28,-2.05,8.87,44.81,93.0,19.6,-273.15,28.74,39.56,-16.92
1084.57,0.39,-1.17,9.06,44.81,93.0,19.6,-273.15,27.99,38.34,-20.54
1084.61,0.48,-1.03,8.96,44.81,93.0,19.6,-273.15,29.13,31.01,-10.88
1084.65,0.55,0.25,9.35,44.81,93.0,19.6,-273.15,28.55,22.45,-14.51
1084.69,0.77,1.21,9.17,44.81,93.0,19.6,-273.15,28.55,12.67,-13.30
1084.73,0.52,0.77,9.30,44.81,93.0,19.6,-273.15,28.37,-3.21,-15.71
1084.77,0.88,1.37,9.69,44.81,93.0,19.6,-63.79,28.74,-8.10,-19.34
1084.81,0.36,1.29,9.33,44.81,93.0,19.6,-67.41,27.99,-27.66,-27.79
1084.85,0.31,1.92,9.16,44.81,93.0,19.6,-273.15,27.99,-38.66,-35.04
1084.89,0.45,2.33,9.31,44.81,93.0,19.6,-80.14,28.18,-43.54,-35.04
1084.93,0.47,2.57,9.35,44.81,93.0,19.6,-80.14,28.18,-50.88,-32.62
1084.97,0.23,2.03,9.10,44.81,93.0,19.6,-46.34,28.74,-58.21,-31.42
1085.01,0.17,1.53,9.21,44.81,93.0,19.6,-273.15,28.37,-58.21,-27.79
1085.05,0.27,0.94,9.30,44.81,93.0,19.6,-72.30,28.55,-55.77,-24.17
1085.09,0.21,1.90,8.89,44.81,93.0,19.6,-72.30,28.18,-48.43,-24.17
1085.13,0.37,1.45,9.25,44.81,93.0,19.6,-273.15,27.99,-48.43,-21.75
1085.17,0.13,0.48,8.91,44.81,93.0,19.6,-80.14,27.99,-44.77,-15.71
1085.21,0.25,0.34,8.97,44.81,93.0,19.6,-80.14,27.99,-38.66,-7.26
1085.25,-0.09,-0.72,8.83,44.81,93.0,19.6,-80.14,28.74,-33.77,-6.05
1085.29,0.03,-0.87,8.99,44.81,93.0,19.6,-273.15,27.81,-28.88,1.20
1085.33,-0.12,-0.65,8.88,44.81,93.0,19.6,-273.15,27.99,-20.32,4.82
1085.37,0.14,-1.25,9.05,44.81,93.0,19.6,-80.14,27.99,-21.55,7.24
1085.41,0.06,-1.53,8.80,44.81,93.0,19.6,-273.15,28.55,-20.32,19.31
1085.45,0.11,-2.24,8.76,44.81,93.0,19.6,-273.15,28.55,-22.77,27.77
1085.49,0.00,-3.22,9.03,44.81,93.0,19.6,-273.15,28.18,-20.32,37.43
1085.53,0.22,-3.28,9.19,44.81,93.0,19.6,-273.15,28.55,15.12,44.68
1085.57,0.33,-2.86,9.16,44.81,93.0,19.6,-273.15,28.37,13.90,48.30
1085.61,0.35,-3.15,9.17,44.81,93.0,19.6,-273.15,28.55,12.67,44.68
1085.65,0.19,-3.39,9.05,44.81,93.0,19.6,-63.79,28.37,13.90,45.89
1085.69,0.16,-3.47,9.04,44.81,93.0,19.6,-80.14,27.99,16.34,48.30
1085.73,0.20,-3.15,8.81,44.81,93.0,19.6,-63.79,29.13,53.00,48.30
1085.77,0.40,-2.19,8.99,44.81,93.0,19.6,-273.15,28.55,59.12,-4.84
1085.81,0.76,-2.99,9.88,44.81,93.0,19.6,-273.15,28.55,50.56,-12.09
1085.85,0.15,-0.96,8.79,44.81,93.0,19.6,-80.14,28.18,51.78,-18.13
1085.89,0.56,-1.90,9.07,44.81,93.0,19.6,-80.14,28.18,53.00,-15.71
1085.93,0.36,-1.58,9.16,44.81,93.0,19.6,-273.15,28.18,53.00,-8.47
1085.97,0.14,0.22,8.95,44.81,93.0,19.6,-80.14,28.37,53.00,-12.09
1086.01,0.19,0.47,9.03,44.81,93.0,19.6,-63.79,28.18,15.12,-10.88
1086.05,0.69,1.02,9.44,44.81,93.0,19.6,-273.15,28.37,9.01,-16.92
1086.09,0.92,1.84,9.94,44.81,93.0,19.6,-80.14,28.74,-3.21,-16.92
1086.13,0.58,1.79,8.63,44.81,93.0,19.6,-273.15,28.18,-16.66,-24.17
1086.17,0.39,1.64,9.41,44.81,93.0,19.6,-273.15,28.18,-30.10,-29.00
1086.21,0.41,2.13,9.31,44.81,93.0,19.6,-80.14,27.99,-42.32,-35.04
1086.25,0.44,2.72,9.33,44.81,93.0,19.6,-273.15,28.18,-50.88,-35.04
1086.29,0.40,1.84,9.48,44.81,93.0,19.6,-273.15,29.13,-58.21,-31.42
1086.33,0.41,1.50,9.20,44.81,93.0,19.6,-72.30,28.55,-56.99,-27.79
1086.37,0.24,0.79,9.16,44.81,93.0,19.6,-72.30,28.18,-53.32,-27.79
1086.41,0.38,1.32,9.44,44.81,93.0,19.6,-80.14,27.81,-50.88,-22.96
1086.45,0.39,2.07,9.08,44.81,93.0,19.6,-80.14,28.55,-47.21,-20.54
1086.49,0.43,1.58,9.28,44.81,93.0,19.6,-273.15,28.74,-43.54,-16.92
1086.53,0.23,0.52,8.91,44.81,93.0,19.6,-80.14,28.18,-38.66,-9.67
1086.57,0.23,-0.65,9.09,44.81,93.0,19.6,-273.15,27.44,-34.99,-3.64
1086.61,0.45,-0.59,9.02,44.81,93.0,19.6,-273.15,28.74,-26.43,-0.01
1086.65,0.55,-0.96,9.27,44.81,93.0,19.6,-80.14,28.18,-21.55,4.82
1086.69,0.74,-0.51,9.41,44.81,93.0,19.6,-273.15,28.55,-15.44,7.24
1086.73,0.79,-1.68,9.25,44.81,93.0,19.6,-80.14,28.74,-6.88,15.69
1086.77,0.45,-2.69,9.32,44.81,93.0,19.6,-273.15,28.55,1.67,21.73
1086.81,0.56,-2.80,9.04,44.81,93.0,19.6,-273.15,28.55,0.45,33.81
1086.85,0.54,-2.71,9.30,44.81,93.0,19.6,-273.15,28.55,5.34,41.05
1086.89,0.52,-2.76,9.16,44.81,93.0,19.6,-273.15,28.74,22.45,48.30
1086.93,0.43,-3.03,8.98,44.81,93.0,19.6,-72.30,28.55,33.45,45.89
1086.97,0.41,-3.52,9.15,44.81,93.0,19.6,-72.30,28.74,42.01,47.09
1087.01,0.36,-3.33,9.40,44.81,93.0,19.6,-273.15,28.55,46.89,48.30
1087.05,0.43,-3.27,9.16,44.81,93.0,19.6,-67.41,27.99,53.00,50.72
1087.09,0.33,-2.04,9.04,44.81,93.0,19.6,-273.15,28.37,55.45,43.47
1087.13,0.24,-2.54,9.28,44.81,93.0,19.6,-273.15,28.74,60.34,-6.05
1087.17,0.36,-2.92,8.79,44.81,93.0,19.6,-80.14,28.74,54.23,-12.09
1087.21,-0.47,-2.71,8.82,44.81,93.0,19.6,-273.15,28.37,57.89,-15.71
1087.25,-0.56,-0.97,8.18,44.81,93.0,19.6,-80.14,27.62,57.89,-12.09
1087.29,-0.62,-1.09,8.82,44.81,93.0,19.6,-273.15,28.55,54.23,-10.88
1087.33,-0.76,0.60,8.60,44.81,93.0,19.6,-80.14,27.99,57.89,-9.67
1087.37,-1.09,0.98,8.74,44.81,93.0,19.6,-80.14,28.18,16.34,-10.88
1087.41,-0.58,1.64,8.71,44.81,93.0,19.6,-63.79,27.81,4.12,-12.09
1087.45,-0.50,1.27,8.53,44.81,93.0,19.6,-273.15,27.81,-10.55,-21.75
1087.49,-0.32,0.94,8.79,44.81,93.0,19.6,-273.15,28.37,-25.21,-29.00
1087.53,-0.24,1.91,8.76,44.81,93.0,19.6,-80.14,27.99,-36.21,-32.62
1087.57,-0.03,2.32,9.04,44.81,93.0,19.6,-80.14,27.81,-47.21,-37.45
1087.61,0.19,2.63,9.21,44.81,93.0,19.6,-72.30,28.55,-55.77,-33.83
1087.65,0.03,1.85,9.25,44.81,93.0,19.6,-273.15,28.74,-56.99,-31.42
1087.69,0.08,1.14,9.14,44.81,93.0,19.6,-273.15,28.18,-60.65,-29.00
1087.73,0.23,1.10,9.27,44.81,93.0,19.6,-273.15,28.37,-58.21,-31.42
1087.77,0.34,1.76,9.30,44.81,93.0,19.6,-273.15,28.18,-52.10,-22.96
1087.81,0.31,1.61,9.27,44.81,93.0,19.6,-80.14,27.99,-45.99,-19.34
1087.85,0.54,0.43,9.24,44.81,93.0,19.6,-80.14,28.18,-43.54,-13.30
1087.89,0.72,-0.61,9.22,44.81,93.0,19.6,-80.14,28.18,-37.43,-4.84
1087.93,0.56,-0.88,9.33,44.81,93.0,19.6,-273.15,28.18,-33.77,-2.43
1087.97,0.56,-0.84,9.26,44.81,93.0,19.6,-80.14,27.99,-25.21,4.82
1088.01,0.59,-0.72,9.34,44.81,93.0,19.6,-43.35,28.37,-19.10,6.03
1088.05,0.74,-1.19,9.14,44.81,93.0,19.6,-80.14,27.99,-17.88,14.48
1088.09,0.60,-1.72,8.98,44.81,93.0,19.6,-273.15,28.55,-19.10,19.31
1088.13,0.50,-2.03,9.26,44.81,93.0,19.6,-273.15,28.55,-21.55,27.77
1088.17,0.46,-3.39,9.50,44.81,93.0,19.6,-80.14,28.74,-16.66,37.43
1088.21,0.49,-3.15,9.26,44.81,93.0,19.6,-273.15,28.55,17.56,44.68
1088.25,0.42,-3.35,9.11,44.81,93.0,19.6,-273.15,28.55,29.78,47.09
1088.29,0.34,-3.42,8.99,44.81,93.0,19.6,-67.41,28.55,39.56,49.51
1088.33,0.20,-3.09,8.95,44.81,93.0,19.6,-273.15,28.55,40.78,47.09
1088.37,0.26,-3.53,8.84,44.81,93.0,19.6,-80.14,28.18,50.56,47.09
1088.41,0.20,-2.88,9.71,44.81,93.0,19.6,-273.15,28.55,51.78,49.51
1088.45,0.18,-1.69,9.07,44.81,93.0,19.6,-273.15,28.37,59.12,-4.84
1088.49,0.19,-2.94,9.36,44.81,93.0,19.6,-273.15,29.13,54.23,-8.47
1088.53,0.71,-1.74,8.96,44.81,93.0,19.6,-273.15,28.55,40.78,-16.92
1088.57,0.62,-2.10,9.44,44.81,93.0,19.6,-72.30,28.18,42.01,-18.13
1088.61,0.18,-1.26,8.97,44.81,93.0,19.6,-273.15,28.18,37.12,-10.88
1088.65,0.26,0.13,8.89,44.81,93.0,19.6,-273.15,29.13,24.90,-12.09
1088.69,0.62,0.72,9.42,44.81,93.0,19.6,-80.14,28.18,17.56,-10.88
1088.73,0.96,1.33,9.32,44.81,93.0,19.6,-80.14,27.44,10.23,-15.71
1088.77,1.15,1.15,9.69,44.81,93.0,19.6,-273.15,28.18,-4.44,-18.13
1088.81,0.41,1.33,8.98,44.81,93.0,19.6,-72.30,26.37,-21.55,-24.17
1088.85,0.65,1.56,9.54,44.81,93.0,19.6,-80.14,28.74,-32.55,-33.83
1088.89,0.70,2.21,9.34,44.81,93.0,19.6,-273.15,28.74,-43.54,-35.04
1088.93,0.60,2.75,9.21,44.81,93.0,19.6,-63.79,29.13,-50.88,-35.04
1088.97,0.38,2.06,9.40,44.81,93.0,19.6,-273.15,29.13,-58.21,-35.04
1089.01,0.22,1.22,9.37,44.81,93.0,19.6,-273.15,27.44,-56.99,-29.00
1089.05,0.18,0.70,9.11,44.81,93.0,19.6,-273.15,28.18,-55.77,-26.58
1089.09,0.40,1.84,9.37,44.81,93.0,19.6,-273.15,28.74,-52.10,-22.96
1089.13,0.63,1.81,9.10,44.81,93.0,19.6,-273.15,28.18,-47.21,-19.34
1089.17,0.42,1.34,9.19,44.81,93.0,19.6,-80.14,27.99,-43.54,-15.71
1089.21,0.49,0.17,9.19,44.81,93.0,19.6,-273.15,28.37,-42.32,-12.09
1089.25,0.45,-0.85,9.03,44.81,93.0,19.6,-80.14,28.18,-34.99,-3.64
1089.29,0.41,-0.72,9.03,44.81,93.0,19.6,-80.14,27.99,-26.43,-1.22
1089.33,0.47,-0.80,9.03,44.81,93.0,19.6,-273.15,27.99,-22.77,3.61
1089.37,0.17,-0.65,9.14,44.81,93.0,19.6,-273.15,28.55,-21.55,6.03
1089.41,0.42,-1.24,8.62,44.81,93.0,19.6,-273.15,27.99,-22.77,3.61
1089.45,0.09,-2.41,9.02,44.81,93.0,19.6,-273.15,28.37,-25.21,3.61
1089.49,0.23,-3.00,9.27,44.81,93.0,19.6,-273.15,28.55,-22.77,4.82
1089.53,0.29,-3.28,8.81,44.81,93.0,19.6,-80.14,27.99,11.45,38.64
1089.57,0.45,-2.81,9.13,44.81,93.0,19.6,-273.15,29.13,9.01,44.68
1089.61,0.49,-2.96,9.18,44.81,93.0,19.6,-80.14,28.74,12.67,49.51
1089.65,0.27,-3.37,9.18,44.81,93.0,19.6,-80.14,28.18,12.67,48.30
1089.69,0.11,-3.05,8.93,44.81,93.0,19.6,-80.14,27.99,11.45,47.09
1089.73,0.08,-3.38,9.33,44.81,93.0,19.6,-273.15,28.18,54.23,48.30
1089.77,0.37,-2.47,8.95,44.81,93.0,19.6,-273.15,28.55,57.89,50.72
1089.81,0.08,-1.88,9.25,44.81,93.0,19.6,-80.14,27.99,55.45,-4.84
1089.85,0.46,-0.55,8.44,44.81,93.0,19.6,-273.15,28.55,46.89,-12.09
1089.89,-0.45,-1.69,8.78,44.81,93.0,19.6,-273.15,28.55,37.12,-19.34
1089.93,-0.85,-0.87,8.61,44.81,93.0,19.6,-273.15,28.55,37.12,-18.13
1089.97,-0.48,-0.48,8.44,44.81,93.0,19.6,-273.15,29.13,29.78,-12.09
1090.01,0.12,0.38,8.96,44.81,93.0,19.6,-273.15,28.74,20.01,-12.09
1090.05,0.25,1.42,9.07,44.81,93.0,19.6,-80.14,28.74,11.45,-14.51
1090.09,-0.01,1.67,8.65,44.81,93.0,19.6,-273.15,29.13,1.67,-14.51
1090.13,0.08,1.10,9.17,44.81,93.0,19.6,-67.41,27.99,-10.55,-19.34
1090.17,-0.22,1.33,8.98,44.81,93.0,19.6,-273.15,28.18,-23.99,-22.96
1090.21,0.18,2.32,9.26,44.81,93.0,19.6,-80.14,27.99,-36.21,-29.00
1090.25,0.20,2.65,9.28,44.81,93.0,19.6,-80.14,28.18,-47.21,-32.62
1090.29,0.11,2.38,9.10,44.81,93.0,19.6,-273.15,28.55,-54.54,-36.25
1090.33,0.04,1.36,9.32,44.81,93.0,19.6,-273.15,28.55,-60.65,-30.21
1090.37,0.09,1.08,9.10,44.81,93.0,19.6,-67.41,28.18,-64.32,-27.79
1090.41,0.29,1.70,9.25,44.81,93.0,19.6,-80.14,28.18,-55.77,-25.38
1090.45,0.18,1.19,9.35,44.81,93.0,19.6,-273.15,28.55,-54.54,-22.96
1090.49,0.10,1.81,9.07,44.81,93.0,19.6,-273.15,27.99,-48.43,-22.96
1090.53,0.14,0.74,8.83,44.81,93.0,19.6,-80.14,25.34,-42.32,-14.51
1090.57,0.15,0.19,8.68,44.81,93.0,19.6,-80.14,27.62,-36.21,-7.26
1090.61,0.17,-0.67,9.07,44.81,93.0,19.6,-273.15,29.13,-30.10,-2.43
1090.65,0.35,-1.01,9.18,44.81,93.0,19.6,-273.15,28.55,-25.21,3.61
1090.69,0.30,-0.74,9.00,44.81,93.0,19.6,-80.14,28.55,-15.44,9.65
1090.73,0.13,-1.69,8.95,44.81,93.0,19.6,-80.14,30.51,-16.66,18.11
1090.77,0.17,-1.90,9.16,44.81,93.0,19.6,-273.15,28.74,-19.10,21.73
1090.81,0.18,-2.25,9.18,44.81,93.0,19.6,-273.15,28.37,-17.88,28.98
1090.85,0.06,-2.54,8.95,44.81,93.0,19.6,-67.41,28.18,-16.66,35.02
1090.89,0.15,-3.05,9.02,44.81,93.0,19.6,-273.15,29.13,-17.88,45.89
1090.93,0.15,-3.48,9.12,44.81,93.0,19.6,-273.15,28.55,-19.10,47.09
1090.97,0.26,-3.49,8.97,44.81,93.0,19.6,-273.15,28.18,-17.88,50.72
1091.01,0.19,-3.21,8.98,44.81,93.0,19.6,-273.15,28.37,-17.88,49.51
1091.05,0.24,-2.91,8.60,44.81,93.0,19.6,-63.79,28.18,-20.32,48.30
1091.09,0.51,-3.50,9.01,44.81,93.0,19.6,-273.15,28.18,57.89,51.92
1091.13,0.16,-2.14,8.81,44.81,93.0,19.6,-273.15,28.18,62.78,-2.43
1091.17,0.54,-2.45,9.13,44.81,93.0,19.6,-273.15,28.55,49.34,-10.88
1091.21,0.33,-1.79,9.04,44.81,93.0,19.6,-72.30,28.55,34.67,-18.13
1091.25,0.67,-1.63,9.07,44.81,93.0,19.6,-80.14,28.74,39.56,-20.54
1091.29,0.48,-1.39,9.25,44.81,93.0,19.6,-273.15,28.37,29.78,-16.92
1091.33,0.40,0.24,9.11,44.81,93.0,19.6,-273.15,28.37,23.67,-12.09
1091.37,0.65,0.69,9.23,44.81,93.0,19.6,-273.15,28.37,12.67,-14.51
1091.41,0.48,1.00,9.24,44.81,93.0,19.6,-273.15,28.18,6.56,-15.71
1091.45,0.07,1.55,9.10,44.81,93.0,19.6,-273.15,28.18,-8.10,-15.71
1091.49,0.65,0.93,9.17,44.81,93.0,19.6,-273.15,28.37,-20.32,-21.75
1091.53,0.36,1.93,9.29,44.81,93.0,19.6,-273.15,29.52,-34.99,-27.79
1091.57,0.29,2.11,9.21,44.81,93.0,19.6,-80.14,27.99,-42.32,-31.42
1091.61,0.38,2.49,9.39,44.81,93.0,19.6,-273.15,28.55,-50.88,-33.83
1091.65,0.38,2.03,9.43,44.81,93.0,19.6,-80.14,27.81,-58.21,-36.25
1091.69,0.35,1.34,9.19,44.81,93.0,19.6,-80.14,27.81,-58.21,-29.00
1091.73,0.23,1.56,9.16,44.81,93.0,19.6,-80.14,27.99,-59.43,-27.79
1091.77,0.23,1.46,9.07,44.81,93.0,19.6,-273.15,29.13,-52.10,-24.17
1091.81,0.30,1.56,9.32,44.81,93.0,19.6,-273.15,29.52,-50.88,-21.75
1091.85,0.47,1.28,8.80,44.81,93.0,19.6,-273.15,27.99,-47.21,-16.92
1091.89,0.34,0.07,9.30,44.81,93.0,19.6,-80.14,27.99,-39.88,-10.88
1091.93,0.31,-1.20,9.43,44.81,93.0,19.6,-273.15,28.74,-30.10,-4.84
1091.97,0.28,-0.76,9.08,44.81,93.0,19.6,-72.30,28.55,-30.10,-0.01
1092.01,0.40,-0.81,9.03,44.81,93.0,19.6,-63.79,28.37,-21.55,2.40
1092.05,0.35,-0.78,9.02,44.81,93.0,19.6,-273.15,28.37,-20.32,13.27
1092.09,0.26,-1.17,8.84,44.81,93.0,19.6,-273.15,29.52,-21.55,19.31
1092.13,0.29,-2.44,8.99,44.81,93.0,19.6,-273.15,28.37,-20.32,27.77
1092.17,0.30,-3.04,9.36,44.81,93.0,19.6,-273.15,28.18,-21.55,33.81
1092.21,0.34,-3.27,9.31,44.81,93.0,19.6,-80.14,27.99,12.67,42.26
1092.25,0.36,-2.59,8.81,44.81,93.0,19.6,-273.15,27.81,15.12,47.09
1092.29,0.35,-2.98,9.06,44.81,93.0,19.6,-273.15,28.18,13.90,51.92
1092.33,0.28,-3.32,9.15,44.81,93.0,19.6,-273.15,27.81,15.12,49.51
1092.37,0.13,-3.29,9.12,44.81,93.0,19.6,-273.15,28.18,11.45,48.30
1092.41,0.28,-3.30,8.93,44.81,93.0,19.6,-67.41,28.18,54.23,50.72
1092.45,0.38,-2.71,9.57,44.81,93.0,19.6,-273.15,27.99,60.34,45.89
1092.49,0.57,-2.21,9.16,44.81,93.0,19.6,-60.89,27.44,51.78,48.30
1092.53,0.41,-1.95,9.02,44.81,93.0,19.6,-80.14,28.18,44.45,-14.51
1092.57,0.35,-2.23,9.10,44.81,93.0,19.6,-273.15,28.55,37.12,-15.71
1092.61,0.55,-1.33,9.16,44.81,93.0,19.6,-273.15,28.74,35.89,-22.96
1092.65,0.33,-0.49,8.95,44.81,93.0,19.6,-273.15,28.55,21.23,-14.51
