Time (s),Accel_x (m2/s),Accel_y (m2/s),Accel_z (m2/s),RPM,Humidity (percentage),Amb_Temp (C),Water_Temp (C),Motor_Temp (C),Height 1 (mm),Height 2 (mm)
201.20,0.20,3.81,8.94,41.09,95.0,22.3,18.45,38.23,-17.05,38.28
201.24,0.09,4.36,8.99,41.09,95.0,22.3,18.68,38.50,-27.10,34.38
201.28,0.19,4.21,8.95,41.09,95.0,22.3,18.68,38.23,-30.87,34.38
201.32,0.21,4.27,8.96,41.09,95.0,22.3,18.56,38.50,-35.89,27.89
201.36,0.13,4.39,8.91,41.09,95.0,22.3,18.68,38.50,-38.40,23.99
201.40,0.16,3.89,8.96,41.09,95.0,22.3,18.45,38.50,-42.17,16.20
201.44,0.17,4.06,8.92,41.09,95.0,22.3,18.68,38.23,-43.42,8.41
201.48,0.22,3.21,8.94,41.09,95.0,22.3,18.68,38.23,-44.68,4.51
201.52,0.24,2.77,9.00,41.09,95.0,22.3,18.56,37.16,-42.17,-1.98
201.56,0.17,2.56,8.99,41.09,95.0,22.3,18.68,38.23,-39.66,-4.58
201.60,0.24,1.99,9.04,41.09,95.0,22.3,18.56,38.23,-35.89,-9.77
201.64,0.30,1.66,9.10,41.09,95.0,22.3,18.68,38.23,-35.89,-12.37
201.68,0.27,0.96,9.06,41.09,95.0,22.3,18.56,37.96,-32.12,-16.27
201.72,0.32,0.67,9.00,41.09,95.0,22.3,18.45,38.23,-30.87,-18.86
201.76,0.28,0.14,9.04,41.09,95.0,22.3,18.45,38.23,-28.35,-21.46
201.80,0.31,-0.19,9.15,41.09,95.0,22.3,19.04,37.96,-23.33,-27.96
201.84,0.40,-0.81,9.35,41.09,95.0,22.3,18.80,37.96,-20.82,-33.15
201.88,0.30,-0.92,9.33,41.09,95.0,22.3,18.68,38.23,-12.03,-35.75
201.92,0.39,-1.55,9.35,41.09,95.0,22.3,17.85,38.23,1.79,-40.94
201.96,0.38,-0.56,9.22,41.09,95.0,22.3,18.80,37.96,-0.72,-42.24
202.00,0.29,-1.14,9.34,41.09,95.0,22.3,18.56,38.23,14.35,-43.54
202.04,0.47,-1.21,9.36,41.09,95.0,22.3,18.68,37.96,21.88,-44.84
202.08,0.32,-0.85,9.34,41.09,95.0,22.3,18.45,38.50,31.93,-40.94
202.12,0.33,-1.03,9.23,41.09,95.0,22.3,18.56,38.23,38.21,-35.75
202.16,0.44,-0.70,9.27,41.09,95.0,22.3,18.68,38.50,40.72,-33.15
202.20,0.26,-0.76,9.32,41.09,95.0,22.3,18.33,38.23,44.49,-27.96
202.24,0.36,-0.53,9.25,41.09,95.0,22.3,18.68,38.23,45.74,-21.46
202.28,0.37,-0.01,9.16,41.09,95.0,22.3,18.80,38.23,41.98,-13.67
202.32,0.25,0.15,9.15,41.09,95.0,22.3,18.68,38.23,40.72,-0.68
202.36,0.35,0.35,9.19,41.09,95.0,22.3,18.80,38.23,36.95,3.21
202.40,0.30,0.75,9.15,41.09,95.0,22.3,18.33,38.50,29.42,16.20
202.44,0.26,1.28,9.06,41.09,95.0,22.3,18.56,39.33,30.67,22.69
202.48,0.27,1.82,8.93,41.09,95.0,22.3,18.56,38.50,20.63,29.19
202.52,0.24,2.01,9.03,41.09,95.0,22.3,18.33,39.05,13.09,35.68
202.56,0.24,2.69,8.96,41.09,95.0,22.3,18.68,38.50,3.04,36.98
202.60,0.25,3.08,8.92,41.09,95.0,22.3,18.68,38.23,-7.00,39.58
202.64,0.13,3.94,8.97,41.09,95.0,22.3,18.09,38.50,-14.54,39.58
202.68,0.15,4.02,8.96,41.09,95.0,22.3,18.56,38.50,-22.07,36.98
202.72,0.21,4.19,8.93,41.09,95.0,22.3,18.21,38.23,-27.10,34.38
202.76,0.13,4.44,8.99,41.09,95.0,22.3,18.68,38.50,-33.38,30.49
202.80,0.19,4.07,8.98,41.09,95.0,22.3,18.56,38.50,-37.15,25.29
202.84,0.18,4.17,8.95,41.09,95.0,22.3,18.68,38.50,-38.40,22.69
202.88,0.14,4.09,8.94,41.09,95.0,22.3,18.56,38.50,-42.17,12.30
202.92,0.28,3.46,8.98,41.09,95.0,22.3,18.56,38.50,-43.42,7.11
202.96,0.14,3.40,8.92,41.09,95.0,22.3,18.68,38.23,-44.68,1.91
203.00,0.22,2.55,8.96,41.09,95.0,22.3,18.56,38.50,-43.42,-1.98
203.04,0.31,2.40,9.00,41.09,95.0,22.3,18.80,37.96,-39.66,-7.18
203.08,0.26,1.74,9.04,41.09,95.0,22.3,18.45,38.23,-34.63,-11.07
203.12,0.25,1.36,8.97,41.09,95.0,22.3,18.68,37.96,-30.87,-14.97
203.16,0.30,0.71,8.98,41.09,95.0,22.3,18.80,38.23,-29.61,-14.97
203.20,0.34,0.24,9.08,41.09,95.0,22.3,18.56,38.23,-29.61,-18.86
203.24,0.37,0.00,9.11,41.09,95.0,22.3,18.68,38.50,-27.10,-24.06
203.28,0.27,-0.27,9.17,41.09,95.0,22.3,18.80,38.23,-22.07,-29.25
203.32,0.38,-1.29,9.33,41.09,95.0,22.3,18.56,38.23,-19.56,-34.45
203.36,0.40,-0.79,9.29,41.09,95.0,22.3,18.80,38.23,-8.26,-38.34
203.40,0.30,-1.13,9.35,41.09,95.0,22.3,18.45,38.23,-4.49,-42.24
203.44,0.44,-1.31,9.34,41.09,95.0,22.3,18.68,38.23,8.07,-43.54
203.48,0.37,-0.78,9.32,41.09,95.0,22.3,18.68,38.50,15.60,-46.14
203.52,0.30,-1.39,9.41,41.09,95.0,22.3,18.56,38.23,26.91,-42.24
203.56,0.43,-0.93,9.33,41.09,95.0,22.3,18.80,38.23,36.95,-38.34
203.60,0.27,-0.66,9.29,41.09,95.0,22.3,18.45,38.23,39.47,-35.75
203.64,0.41,-0.93,9.27,41.09,95.0,22.3,18.68,38.50,40.72,-30.55
203.68,0.43,-0.45,9.26,41.09,95.0,22.3,18.56,38.23,43.23,-24.06
203.72,0.25,-0.22,9.23,41.09,95.0,22.3,18.68,38.23,41.98,-14.97
203.76,0.37,-0.03,9.21,41.09,95.0,22.3,18.56,38.50,40.72,-11.07
203.80,0.33,0.29,9.18,41.09,95.0,22.3,18.45,38.77,40.72,1.91
203.84,0.31,0.44,9.07,41.09,95.0,22.3,18.56,38.50,36.95,9.71
203.88,0.30,1.09,9.08,41.09,95.0,22.3,18.68,38.23,30.67,20.10
203.92,0.26,1.50,9.02,41.09,95.0,22.3,18.45,38.23,25.65,29.19
203.96,0.24,2.06,8.96,41.09,95.0,22.3,18.56,38.50,10.58,33.08
204.00,0.25,2.45,9.03,41.09,95.0,22.3,18.45,38.23,9.32,36.98
204.04,0.22,3.18,8.97,41.09,95.0,22.3,18.68,38.23,-0.72,38.28
204.08,0.17,3.49,8.95,41.09,95.0,22.3,18.33,38.23,-5.75,39.58
204.12,0.18,3.79,8.97,41.09,95.0,22.3,18.33,38.50,-15.79,38.28
204.16,0.11,4.55,8.97,41.09,95.0,22.3,18.56,38.50,-19.56,35.68
204.20,0.22,4.14,9.00,41.09,95.0,22.3,18.68,37.69,-25.84,31.78
204.24,0.22,4.18,8.93,41.09,95.0,22.3,18.68,38.50,-35.89,30.49
204.28,0.11,4.49,8.93,41.09,95.0,22.3,18.68,38.23,-38.40,22.69
204.32,0.22,3.91,8.93,41.09,95.0,22.3,19.04,37.96,-40.91,14.90
204.36,0.14,3.98,8.94,41.09,95.0,22.3,18.68,38.50,-43.42,9.71
204.40,0.17,3.25,8.97,41.09,95.0,22.3,18.56,38.23,-44.68,4.51
204.44,0.31,2.81,8.93,41.09,95.0,22.3,18.68,38.23,-42.17,0.62
204.48,0.21,2.53,8.96,41.09,95.0,22.3,18.68,36.90,-40.91,-4.58
204.52,0.22,1.99,9.00,41.09,95.0,22.3,18.80,38.23,-38.40,-8.47
204.56,0.27,1.83,8.99,41.09,95.0,22.3,18.80,38.23,-34.63,-13.67
204.60,0.27,0.92,9.17,41.09,95.0,22.3,18.45,38.23,-30.87,-16.27
204.64,0.37,0.56,9.08,41.09,95.0,22.3,18.45,38.23,-28.35,-17.57
204.68,0.29,0.00,9.16,41.09,95.0,22.3,18.56,38.23,-25.84,-24.06
204.72,0.29,-0.15,9.19,41.09,95.0,22.3,18.33,38.23,-24.59,-25.36
204.76,0.40,-0.70,9.26,41.09,95.0,22.3,17.85,38.50,-19.56,-31.85
204.80,0.32,-0.89,9.30,41.09,95.0,22.3,16.41,38.50,-17.05,-37.05
204.84,0.43,-1.52,9.34,41.09,95.0,22.3,18.56,38.50,-12.03,-38.34
204.88,0.37,-0.68,9.30,41.09,95.0,22.3,18.80,38.23,-0.72,-43.54
204.92,0.30,-1.14,9.37,41.09,95.0,22.3,18.56,38.23,11.84,-44.84
204.96,0.48,-1.22,9.34,41.09,95.0,22.3,18.68,38.50,20.63,-44.84
205.00,0.30,-0.89,9.34,41.09,95.0,22.3,18.56,38.23,33.19,-40.94
205.04,0.33,-1.08,9.39,41.09,95.0,22.3,18.56,38.50,34.44,-39.64
205.08,0.45,-0.65,9.22,41.09,95.0,22.3,18.80,38.50,40.72,-33.15
205.12,0.29,-0.77,9.32,41.09,95.0,22.3,18.33,38.50,43.23,-31.85
205.16,0.39,-0.54,9.27,41.09,95.0,22.3,18.80,38.23,43.23,-21.46
205.20,0.30,-0.00,9.22,41.09,95.0,22.3,18.45,38.50,41.98,-11.07
205.24,0.28,0.10,9.18,41.09,95.0,22.3,18.56,38.50,39.47,-5.88
205.28,0.36,0.40,9.09,41.09,95.0,22.3,18.68,37.96,38.21,7.11
205.32,0.26,0.71,9.10,41.09,95.0,22.3,18.45,38.23,31.93,12.30
205.36,0.24,1.18,9.08,41.09,95.0,22.3,18.80,38.50,29.42,25.29
205.40,0.29,1.78,8.97,41.09,95.0,22.3,18.56,37.96,21.88,31.78
205.44,0.27,2.06,9.00,41.09,95.0,22.3,18.68,38.50,15.60,34.38
205.48,0.20,2.72,8.99,41.09,95.0,22.3,18.80,38.23,9.32,36.98
205.52,0.22,2.97,8.93,41.09,95.0,22.3,18.33,38.23,-0.72,39.58
205.56,0.13,3.96,8.91,41.09,95.0,22.3,18.92,38.23,-12.03,38.28
205.60,0.16,4.02,8.94,41.09,95.0,22.3,18.56,37.96,-19.56,36.98
205.64,0.18,4.05,8.97,41.09,95.0,22.3,18.68,37.96,-25.84,34.38
205.68,0.12,4.41,8.99,41.09,95.0,22.3,18.92,39.90,-32.12,30.49
205.72,0.19,4.10,8.94,41.09,95.0,22.3,18.33,38.50,-35.89,27.89
205.76,0.12,4.29,8.96,41.09,95.0,22.3,18.80,38.23,-39.66,21.40
205.80,0.13,4.00,8.95,41.09,95.0,22.3,18.68,38.23,-43.42,9.71
205.84,0.28,3.51,8.95,41.09,95.0,22.3,18.68,37.96,-44.68,11.01
205.88,0.16,3.35,8.97,41.09,95.0,22.3,18.80,38.23,-43.42,0.62
205.92,0.24,2.49,8.94,41.09,95.0,22.3,18.45,38.23,-42.17,-1.98
205.96,0.25,2.57,8.93,41.09,95.0,22.3,18.80,38.23,-37.15,-7.18
206.00,0.19,1.83,9.08,41.09,95.0,22.3,18.56,39.90,-35.89,-12.37
206.04,0.29,1.47,9.06,41.09,95.0,22.3,18.56,36.65,-32.12,-12.37
206.08,0.32,0.73,9.02,41.09,95.0,22.3,18.68,38.23,-30.87,-17.57
206.12,0.28,0.12,9.06,41.09,95.0,22.3,18.45,38.50,-28.35,-20.16
206.16,0.33,0.06,9.12,41.09,95.0,22.3,18.80,37.96,-24.59,-24.06
206.20,0.33,-0.22,9.16,41.09,95.0,22.3,18.45,38.23,-24.59,-30.55
206.24,0.40,-1.28,9.33,41.09,95.0,22.3,18.68,37.96,-22.07,-33.15
206.28,0.38,-0.84,9.29,41.09,95.0,22.3,18.68,38.50,-10.77,-37.05
206.32,0.31,-1.15,9.31,41.09,95.0,22.3,22.05,37.96,-4.49,-40.94
206.36,0.46,-1.22,9.32,41.09,95.0,22.3,18.68,38.23,5.56,-42.24
206.40,0.34,-0.74,9.31,41.09,95.0,22.3,18.45,38.23,10.58,-43.54
206.44,0.31,-1.44,9.41,41.09,95.0,22.3,18.68,37.96,26.91,-42.24
206.48,0.43,-0.88,9.30,41.09,95.0,22.3,18.45,38.23,38.21,-40.94
206.52,0.27,-0.63,9.31,41.09,95.0,22.3,18.45,38.50,39.47,-38.34
206.56,0.42,-0.86,9.28,41.09,95.0,22.3,18.68,38.23,41.98,-31.85
206.60,0.35,-0.47,9.29,41.09,95.0,22.3,18.68,38.23,43.23,-24.06
206.64,0.27,-0.21,9.24,41.09,95.0,22.3,17.97,37.96,45.74,-17.57
206.68,0.40,0.01,9.16,41.09,95.0,22.3,18.92,38.77,41.98,-7.18
206.72,0.35,0.20,9.11,41.09,95.0,22.3,18.56,38.23,43.23,0.62
206.76,0.26,0.42,9.15,41.09,95.0,22.3,18.80,38.23,45.74,11.01
206.80,0.29,1.09,9.07,41.09,95.0,22.3,18.56,38.23,29.42,20.10
206.84,0.28,1.66,9.02,41.09,95.0,22.3,18.56,38.23,24.39,26.59
206.88,0.26,2.07,9.00,41.09,95.0,22.3,18.56,38.50,19.37,33.08
206.92,0.21,2.39,9.00,41.09,95.0,22.3,18.45,38.23,9.32,34.38
206.96,0.18,3.18,8.92,41.09,95.0,22.3,18.80,38.23,1.79,38.28
207.00,0.25,3.55,8.91,41.09,95.0,22.3,18.33,38.23,-7.00,42.17
207.04,0.16,3.86,8.98,41.09,95.0,22.3,18.80,38.23,-17.05,38.28
207.08,0.08,4.47,8.95,41.09,95.0,22.3,18.56,38.23,-20.82,35.68
207.12,0.17,4.16,8.94,41.09,95.0,22.3,18.56,37.96,-29.61,35.68
207.16,0.18,4.42,8.94,41.09,95.0,22.3,18.56,38.23,-35.89,27.89
207.20,0.13,4.43,8.93,41.09,95.0,22.3,18.68,38.50,-39.66,25.29
207.24,0.22,3.83,8.97,41.09,95.0,22.3,18.80,38.23,-42.17,16.20
207.28,0.16,3.96,8.93,41.09,95.0,22.3,18.68,38.23,-43.42,9.71
207.32,0.20,3.13,9.00,41.09,95.0,22.3,19.86,38.23,-43.42,4.51
207.36,0.26,3.01,8.90,41.09,95.0,22.3,18.80,38.50,-42.17,-1.98
207.40,0.17,2.64,8.94,41.09,95.0,22.3,17.37,38.23,-39.66,-4.58
207.44,0.23,2.06,9.02,41.09,95.0,22.3,18.68,37.96,-38.40,-8.47
207.48,0.30,1.69,9.08,41.09,95.0,22.3,18.68,38.23,-35.89,-13.67
207.52,0.25,0.88,9.16,41.09,95.0,22.3,18.45,38.23,-33.38,-11.07
207.56,0.35,0.62,9.05,41.09,95.0,22.3,18.68,38.23,-30.87,-18.86
207.60,0.31,0.09,9.10,41.09,95.0,22.3,18.56,38.23,-25.84,-22.76
207.64,0.33,-0.20,9.17,41.09,95.0,22.3,18.33,38.50,-23.33,-26.66
207.68,0.39,-0.72,9.30,41.09,95.0,22.3,18.68,38.23,-20.82,-33.15
207.72,0.29,-0.84,9.25,41.09,95.0,22.3,18.21,38.50,-15.79,-34.45
207.76,0.42,-1.48,9.33,41.09,95.0,22.3,18.68,38.50,-10.77,-40.94
207.80,0.36,-0.59,9.29,41.09,95.0,22.3,19.27,38.23,-0.72,-40.94
207.84,0.31,-1.22,9.36,41.09,95.0,22.3,18.33,38.23,10.58,-43.54
207.88,0.46,-1.20,9.36,41.09,95.0,22.3,18.80,38.23,18.11,-42.24
207.92,0.29,-0.84,9.33,41.09,95.0,22.3,18.68,37.96,35.70,-43.54
207.96,0.39,-1.03,9.27,41.09,95.0,22.3,17.85,37.96,38.21,-38.34
208.00,0.45,-0.79,9.28,41.09,95.0,22.3,18.56,37.96,41.98,-38.34
208.04,0.24,-0.69,9.29,41.09,95.0,22.3,18.56,37.96,45.74,-27.96
208.08,0.41,-0.54,9.26,41.09,95.0,22.3,18.80,38.23,44.49,-18.86
208.12,0.38,-0.05,9.22,41.09,95.0,22.3,18.33,38.50,41.98,-12.37
208.16,0.26,0.08,9.18,41.09,95.0,22.3,18.68,38.50,39.47,-3.28
208.20,0.34,0.31,9.17,41.09,95.0,22.3,18.56,38.50,35.70,4.51
208.24,0.30,0.75,9.07,41.09,95.0,22.3,18.68,38.23,35.70,13.60
208.28,0.22,1.25,9.06,41.09,95.0,22.3,18.68,38.50,26.91,22.69
208.32,0.31,1.82,9.02,41.09,95.0,22.3,18.56,38.23,19.37,27.89
208.36,0.24,2.09,9.01,41.09,95.0,22.3,18.68,38.50,14.35,34.38
208.40,0.22,2.68,8.93,41.09,95.0,22.3,18.68,38.50,5.56,35.68
208.44,0.26,3.02,8.90,41.09,95.0,22.3,18.56,38.23,-1.98,39.58
208.48,0.17,3.90,8.94,41.09,95.0,22.3,18.80,37.96,-9.52,39.58
208.52,0.17,3.95,9.00,41.09,95.0,22.3,18.45,38.23,-20.82,36.98
208.56,0.18,4.11,8.92,41.09,95.0,22.3,18.68,38.23,-27.10,34.38
208.60,0.14,4.50,9.00,41.09,95.0,22.3,18.56,38.23,-34.63,33.08
208.64,0.21,3.98,9.02,41.09,95.0,22.3,18.68,38.23,-35.89,26.59
208.68,0.17,4.25,9.00,41.09,95.0,22.3,18.80,38.23,-42.17,17.50
208.72,0.15,4.08,8.95,41.09,95.0,22.3,18.68,37.96,-44.68,13.60
208.76,0.25,3.55,8.97,41.09,95.0,22.3,18.80,38.50,-45.94,4.51
208.80,0.15,3.42,8.94,41.09,95.0,22.3,18.56,38.23,-43.42,1.91
208.84,0.23,2.58,9.00,41.09,95.0,22.3,18.68,38.23,-42.17,-1.98
208.88,0.28,2.42,8.95,41.09,95.0,22.3,18.33,38.23,-38.40,-7.18
208.92,0.25,1.86,8.93,41.09,95.0,22.3,18.68,37.96,-35.89,-8.47
208.96,0.28,1.48,8.96,41.09,95.0,22.3,18.68,38.50,-34.63,-13.67
209.00,0.30,0.86,9.10,41.09,95.0,22.3,18.56,37.96,-29.61,-14.97
209.04,0.31,0.12,9.20,41.09,95.0,22.3,17.97,38.23,-28.35,-21.46
209.08,0.37,-0.11,9.22,41.09,95.0,22.3,18.45,38.50,-25.84,-26.66
209.12,0.28,-0.21,9.14,41.09,95.0,22.3,18.33,37.69,-25.84,-27.96
209.16,0.38,-1.26,9.28,41.09,95.0,22.3,18.80,38.23,-15.79,-34.45
209.20,0.43,-0.74,9.28,41.09,95.0,22.3,17.85,38.50,-9.52,-37.05
209.24,0.30,-1.18,9.37,41.09,95.0,22.3,18.56,38.23,-4.49,-40.94
209.28,0.45,-1.30,9.37,41.09,95.0,22.3,18.80,38.23,3.04,-43.54
209.32,0.31,-0.78,9.30,41.09,95.0,22.3,18.92,38.23,10.58,-42.24
209.36,0.34,-1.39,9.34,41.09,95.0,22.3,18.68,38.23,23.14,-42.24
209.40,0.42,-0.89,9.35,41.09,95.0,22.3,18.68,38.23,35.70,-42.24
209.44,0.26,-0.71,9.32,41.09,95.0,22.3,18.56,38.23,41.98,-38.34
209.48,0.41,-0.86,9.28,41.09,95.0,22.3,18.68,38.23,43.23,-31.85
209.52,0.40,-0.45,9.24,41.09,95.0,22.3,18.33,38.50,45.74,-26.66
209.56,0.25,-0.26,9.23,41.09,95.0,22.3,18.68,38.50,43.23,-17.57
209.60,0.37,-0.04,9.20,41.09,95.0,22.3,18.56,38.50,41.98,-8.47
209.64,0.33,0.25,9.13,41.09,95.0,22.3,18.45,38.23,38.21,1.91
209.68,0.29,0.54,9.03,41.09,95.0,22.3,18.68,35.65,34.44,11.01
209.72,0.35,1.01,9.07,41.09,95.0,22.3,18.80,38.23,30.67,21.40
209.76,0.23,1.47,9.10,41.09,95.0,22.3,18.56,38.50,23.14,26.59
209.80,0.20,2.15,8.99,41.09,95.0,22.3,18.56,38.50,20.63,31.78
209.84,0.28,2.41,8.99,41.09,95.0,22.3,18.68,38.50,10.58,35.68
209.88,0.19,3.12,8.94,41.09,95.0,22.3,18.45,38.50,0.53,38.28
209.92,0.16,3.48,9.01,41.09,95.0,22.3,18.45,38.50,-5.75,36.98
209.96,0.17,3.84,8.97,41.09,95.0,22.3,18.68,38.23,-14.54,36.98
210.00,0.12,4.53,8.89,41.09,95.0,22.3,18.33,37.96,-22.07,35.68
210.04,0.16,4.14,8.98,41.09,95.0,22.3,18.56,38.23,-27.10,33.08
210.08,0.23,4.26,8.93,41.09,95.0,22.3,18.68,38.50,-35.89,30.49
210.12,0.13,4.44,8.91,41.09,95.0,22.3,18.45,38.23,-37.15,22.69
210.16,0.20,3.90,8.93,41.09,95.0,22.3,18.68,38.23,-43.42,16.20
210.20,0.12,4.01,8.97,41.09,95.0,22.3,18.56,38.23,-44.68,11.01
210.24,0.19,3.18,9.00,41.09,95.0,22.3,18.80,37.96,-44.68,5.81
210.28,0.31,2.93,8.93,41.09,95.0,22.3,18.68,37.96,-43.42,0.62
210.32,0.17,2.53,8.97,41.09,95.0,22.3,18.56,38.23,-40.91,-4.58
210.36,0.23,2.05,9.01,41.09,95.0,22.3,18.80,37.96,-35.89,-8.47
210.40,0.29,1.76,9.04,41.09,95.0,22.3,18.45,38.23,-34.63,-9.77
210.44,0.24,0.94,9.09,41.09,95.0,22.3,18.68,38.23,-32.12,-14.97
210.48,0.37,0.65,9.09,41.09,95.0,22.3,18.56,38.23,-30.87,-16.27
210.52,0.29,0.04,9.05,41.09,95.0,22.3,18.45,38.23,-27.10,-22.76
210.56,0.31,-0.09,9.14,41.09,95.0,22.3,18.80,38.23,-23.33,-29.25
210.60,0.37,-0.64,9.33,41.09,95.0,22.3,18.56,38.23,-19.56,-31.85
210.64,0.31,-0.90,9.30,41.09,95.0,22.3,18.45,37.96,-13.28,-37.05
210.68,0.40,-1.54,9.33,41.09,95.0,22.3,18.68,38.50,-9.52,-38.34
210.72,0.34,-0.63,9.28,41.09,95.0,22.3,18.45,38.23,0.53,-40.94
210.76,0.28,-1.29,9.36,41.09,95.0,22.3,18.68,38.23,11.84,-43.54
210.80,0.44,-1.11,9.37,41.09,95.0,22.3,18.56,38.23,16.86,-43.54
210.84,0.32,-0.96,9.35,41.09,95.0,22.3,18.68,38.23,30.67,-40.94
210.88,0.35,-1.05,9.33,41.09,95.0,22.3,18.45,38.50,35.70,-40.94
210.92,0.40,-0.69,9.31,41.09,95.0,22.3,18.56,35.65,45.74,-37.05
210.96,0.29,-0.78,9.30,41.09,95.0,22.3,18.68,38.50,45.74,-27.96
211.00,0.43,-0.59,9.24,41.09,95.0,22.3,18.56,38.23,44.49,-22.76
211.04,0.27,0.00,9.17,41.09,95.0,22.3,18.45,38.50,43.23,-11.07
211.08,0.29,0.16,9.16,41.09,95.0,22.3,18.68,38.50,39.47,-4.58
211.12,0.42,0.36,9.04,41.09,95.0,22.3,18.56,37.96,39.47,11.01
211.16,0.27,0.75,9.09,41.09,95.0,22.3,18.80,37.96,35.70,18.80
211.20,0.25,1.22,9.10,41.09,95.0,22.3,18.45,38.23,34.44,21.40
211.24,0.32,1.76,8.98,41.09,95.0,22.3,18.68,37.96,20.63,29.19
211.28,0.26,2.08,8.97,41.09,95.0,22.3,18.68,38.23,14.35,33.08
211.32,0.23,2.69,8.90,41.09,95.0,22.3,18.45,37.96,5.56,35.68
211.36,0.25,3.02,8.95,41.09,95.0,22.3,17.97,38.23,0.53,39.58
211.40,0.15,3.95,8.92,41.09,95.0,22.3,18.68,38.23,-10.77,39.58
211.44,0.18,3.93,9.00,41.09,95.0,22.3,18.68,38.23,-22.07,35.68
211.48,0.20,4.10,8.96,41.09,95.0,22.3,18.92,38.23,-25.84,36.98
211.52,0.15,4.49,8.95,41.09,95.0,22.3,18.45,37.96,-33.38,30.49
211.56,0.20,4.05,8.93,41.09,95.0,22.3,18.56,38.23,-38.40,25.29
211.60,0.14,4.28,8.99,41.09,95.0,22.3,18.68,37.96,-42.17,20.10
211.64,0.11,4.08,8.97,41.09,95.0,22.3,18.45,37.96,-42.17,13.60
211.68,0.29,3.51,8.94,41.09,95.0,22.3,18.80,38.23,-44.68,8.41
211.72,0.15,3.39,8.93,41.09,95.0,22.3,18.45,37.96,-43.42,1.91
211.76,0.22,2.48,9.05,41.09,95.0,22.3,18.33,38.23,-40.91,-4.58
211.80,0.25,2.61,8.94,41.09,95.0,22.3,19.27,38.23,-39.66,-7.18
211.84,0.23,1.76,9.04,41.09,95.0,22.3,18.56,38.23,-37.15,-11.07
211.88,0.28,1.33,9.09,41.09,95.0,22.3,18.56,38.50,-34.63,-12.37
211.92,0.33,0.78,9.07,41.09,95.0,22.3,18.56,38.23,-25.84,-13.67
211.96,0.27,0.16,9.08,41.09,95.0,22.3,18.09,38.23,-27.10,-21.46
212.00,0.33,0.04,9.14,41.09,95.0,22.3,22.51,34.92,-25.84,-22.76
212.04,0.25,-0.27,9.19,41.09,95.0,22.3,18.56,38.23,-23.33,-30.55
212.08,0.41,-1.26,9.24,41.09,95.0,22.3,18.68,38.23,-17.05,-33.15
212.12,0.41,-0.81,9.32,41.09,95.0,22.3,18.56,38.23,-8.26,-38.34
212.16,0.29,-1.27,9.37,41.09,95.0,22.3,18.80,37.96,-3.24,-40.94
212.20,0.46,-1.19,9.32,41.09,95.0,22.3,18.92,38.50,5.56,-43.54
212.24,0.33,-0.81,9.34,41.09,95.0,22.3,18.45,38.23,10.58,-43.54
212.28,0.35,-1.41,9.35,41.09,95.0,22.3,18.68,38.50,25.65,-42.24
212.32,0.41,-0.84,9.34,41.09,95.0,22.3,18.56,36.65,29.42,-40.94
212.36,0.29,-0.65,9.30,41.09,95.0,22.3,18.68,38.50,40.72,-40.94
212.40,0.43,-0.90,9.26,41.09,95.0,22.3,18.56,38.50,47.00,-33.15
212.44,0.34,-0.48,9.26,41.09,95.0,22.3,18.56,38.50,43.23,-22.76
212.48,0.28,-0.22,9.23,41.09,95.0,22.3,18.80,38.23,44.49,-17.57
212.52,0.38,-0.01,9.20,41.09,95.0,22.3,18.45,38.23,43.23,-3.28
212.56,0.31,0.27,9.13,41.09,95.0,22.3,18.80,38.23,40.72,3.21
212.60,0.30,0.39,9.13,41.09,95.0,22.3,18.68,38.23,35.70,9.71
212.64,0.31,1.01,9.08,41.09,95.0,22.3,18.80,37.96,31.93,20.10
212.68,0.25,1.51,9.01,41.09,95.0,22.3,18.68,38.23,24.39,25.29
212.72,0.24,2.02,8.99,41.09,95.0,22.3,18.56,38.23,20.63,31.78
212.76,0.25,2.28,9.00,41.09,95.0,22.3,18.80,38.50,10.58,34.38
212.80,0.16,3.12,8.98,41.09,95.0,22.3,18.56,38.23,0.53,39.58
212.84,0.20,3.52,8.91,41.09,95.0,22.3,18.56,33.29,-5.75,39.58
212.88,0.16,3.82,8.92,41.09,95.0,22.3,18.45,38.23,-13.28,39.58
212.92,0.06,4.41,8.95,41.09,95.0,22.3,19.15,37.96,-20.82,36.98
212.96,0.18,4.17,8.92,41.09,95.0,22.3,18.80,38.23,-29.61,34.38
213.00,0.20,4.33,8.93,41.09,95.0,22.3,18.68,37.96,-34.63,29.19
213.04,0.11,4.33,8.98,41.09,95.0,22.3,18.56,38.23,-40.91,20.10
213.08,0.20,3.82,9.02,41.09,95.0,22.3,18.56,38.50,-44.68,17.50
213.12,0.15,4.05,8.95,41.09,95.0,22.3,18.68,38.23,-43.42,8.41
213.16,0.21,3.18,8.93,41.09,95.0,22.3,18.80,37.96,-45.94,5.81
213.20,0.25,2.89,8.99,41.09,95.0,22.3,18.45,38.50,-42.17,-0.68
213.24,0.14,2.51,8.99,41.09,95.0,22.3,18.68,38.50,-39.66,-4.58
213.28,0.25,2.15,8.91,41.09,95.0,22.3,18.68,38.50,-38.40,-7.18
213.32,0.29,1.73,8.94,41.09,95.0,22.3,18.45,38.23,-37.15,-11.07
213.36,0.26,0.95,9.09,41.09,95.0,22.3,18.68,38.50,-34.63,-13.67
213.40,0.34,0.59,9.15,41.09,95.0,22.3,18.45,38.23,-32.12,-17.57
213.44,0.29,0.18,9.16,41.09,95.0,22.3,18.33,38.23,-27.10,-21.46
213.48,0.34,-0.06,9.15,41.09,95.0,22.3,18.80,38.23,-20.82,-26.66
213.52,0.36,-0.62,9.32,41.09,95.0,22.3,18.45,38.23,-20.82,-31.85
213.56,0.32,-0.98,9.28,41.09,95.0,22.3,17.73,38.23,-12.03,-35.75
213.60,0.42,-1.44,9.26,41.09,95.0,22.3,18.56,38.23,-8.26,-39.64
213.64,0.34,-0.54,9.27,41.09,95.0,22.3,18.68,37.96,0.53,-43.54
213.68,0.31,-1.25,9.37,41.09,95.0,22.3,18.92,37.96,5.56,-43.54
213.72,0.45,-1.20,9.38,41.09,95.0,22.3,19.27,38.23,14.35,-43.54
213.76,0.29,-0.92,9.34,41.09,95.0,22.3,18.80,37.96,30.67,-42.24
213.80,0.37,-1.01,9.33,41.09,95.0,22.3,18.56,39.90,34.44,-39.64
213.84,0.42,-0.71,9.29,41.09,95.0,22.3,18.56,37.96,41.98,-35.75
213.88,0.27,-0.77,9.24,41.09,95.0,22.3,18.68,38.50,44.49,-31.85
213.92,0.41,-0.55,9.22,41.09,95.0,22.3,18.45,38.23,43.23,-21.46
213.96,0.36,0.05,9.21,41.09,95.0,22.3,18.80,38.23,43.23,-14.97
214.00,0.28,0.10,9.14,41.09,95.0,22.3,18.80,37.96,40.72,-1.98
214.04,0.35,0.33,9.12,41.09,95.0,22.3,18.56,38.77,36.95,8.41
214.08,0.28,0.77,9.06,41.09,95.0,22.3,18.56,38.23,35.70,14.90
214.12,0.28,1.30,9.06,41.09,95.0,22.3,18.56,38.23,28.16,23.99
214.16,0.28,1.67,9.06,41.09,95.0,22.3,16.89,38.23,19.37,27.89
214.20,0.23,2.02,8.98,41.09,95.0,22.3,19.27,38.50,15.60,33.08
214.24,0.25,2.69,8.96,41.09,95.0,22.3,18.45,38.50,4.30,38.28
214.28,0.25,3.07,8.92,41.09,95.0,22.3,18.80,38.23,1.79,40.88
214.32,0.15,3.79,8.99,41.09,95.0,22.3,18.56,38.23,-10.77,38.28
214.36,0.18,3.94,8.94,41.09,95.0,22.3,18.68,38.50,-20.82,36.98
214.40,0.19,4.28,8.92,41.09,95.0,22.3,18.80,38.23,-25.84,33.08
214.44,0.15,4.45,8.95,41.09,95.0,22.3,18.56,38.50,-33.38,30.49
214.48,0.19,4.06,8.96,41.09,95.0,22.3,18.68,38.50,-38.40,25.29
214.52,0.16,4.34,8.93,41.09,95.0,22.3,18.45,37.96,-40.91,17.50
214.56,0.18,4.04,8.96,41.09,95.0,22.3,18.68,38.50,-44.68,14.90
214.60,0.23,3.63,8.96,41.09,95.0,22.3,15.44,38.23,-45.94,7.11
214.64,0.12,3.32,8.97,41.09,95.0,22.3,18.56,38.50,-45.94,1.91
214.68,0.25,2.58,8.96,41.09,95.0,22.3,18.68,38.23,-43.42,-0.68
214.72,0.30,2.59,8.88,41.09,95.0,22.3,18.45,38.23,-38.40,-5.88
214.76,0.22,1.83,9.04,41.09,95.0,22.3,18.80,37.96,-35.89,-8.47
214.80,0.24,1.38,9.03,41.09,95.0,22.3,18.68,38.50,-33.38,-12.37
214.84,0.29,0.88,9.06,41.09,95.0,22.3,18.56,37.96,-29.61,-13.67
214.88,0.30,0.29,9.12,41.09,95.0,22.3,18.68,37.96,-27.10,-18.86
214.92,0.38,0.02,9.14,41.09,95.0,22.3,18.45,38.23,-24.59,-25.36
214.96,0.28,-0.30,9.15,41.09,95.0,22.3,20.44,38.77,-24.59,-27.96
215.00,0.40,-1.31,9.28,41.09,95.0,22.3,18.56,37.96,-17.05,-35.75
215.04,0.41,-0.72,9.29,41.09,95.0,22.3,18.56,38.23,-9.52,-34.45
215.08,0.34,-1.27,9.37,41.09,95.0,22.3,18.56,38.50,-3.24,-42.24
215.12,0.47,-1.18,9.33,41.09,95.0,22.3,16.65,38.23,5.56,-43.54
215.16,0.33,-0.79,9.35,41.09,95.0,22.3,18.80,37.96,11.84,-43.54
215.20,0.36,-1.43,9.37,41.09,95.0,22.3,18.68,38.23,24.39,-42.24
215.24,0.45,-0.82,9.34,41.09,95.0,22.3,18.45,38.50,30.67,-42.24
215.28,0.26,-0.69,9.31,41.09,95.0,22.3,18.68,38.50,38.21,-38.34
215.32,0.42,-0.87,9.24,41.09,95.0,22.3,18.45,38.23,41.98,-33.15
215.36,0.35,-0.43,9.23,41.09,95.0,22.3,18.68,38.50,43.23,-29.25
215.40,0.28,-0.28,9.22,41.09,95.0,22.3,18.56,38.50,44.49,-18.86
215.44,0.36,-0.08,9.29,41.09,95.0,22.3,18.45,38.23,43.23,-11.07
215.48,0.28,0.24,9.14,41.09,95.0,22.3,18.80,38.23,40.72,0.62
215.52,0.32,0.43,9.14,41.09,95.0,22.3,18.56,38.23,33.19,12.30
215.56,0.32,0.95,9.04,41.09,95.0,22.3,18.56,38.50,33.19,17.50
215.60,0.24,1.39,9.01,41.09,95.0,22.3,18.56,38.50,24.39,27.89
215.64,0.23,2.00,9.00,41.09,95.0,22.3,18.56,38.50,19.37,31.78
215.68,0.25,2.39,8.97,41.09,95.0,22.3,18.92,38.23,9.32,36.98
215.72,0.20,3.14,8.94,41.09,95.0,22.3,18.21,38.23,0.53,39.58
215.76,0.17,3.38,8.96,41.09,95.0,22.3,18.68,38.23,-4.49,39.58
215.80,0.14,3.82,8.95,41.09,95.0,22.3,18.56,38.50,-18.31,36.98
215.84,0.11,4.57,8.94,41.09,95.0,22.3,18.80,38.23,-17.05,36.98
215.88,0.22,4.07,8.97,41.09,95.0,22.3,18.80,38.23,-29.61,31.78
215.92,0.20,4.26,8.98,41.09,95.0,22.3,18.56,37.96,-33.38,26.59
215.96,0.10,4.41,8.90,41.09,95.0,22.3,18.68,38.50,-39.66,22.69
216.00,0.25,3.87,8.98,41.09,95.0,22.3,18.45,38.23,-43.42,14.90
216.04,0.12,4.07,8.99,41.09,95.0,22.3,18.45,38.50,-45.94,11.01
216.08,0.22,3.16,8.98,41.09,95.0,22.3,18.68,38.50,-45.94,5.81
216.12,0.26,2.98,8.94,41.09,95.0,22.3,18.56,37.96,-44.68,-0.68
216.16,0.19,2.47,8.96,41.09,95.0,22.3,18.45,38.50,-40.91,-4.58
216.20,0.24,2.07,9.03,41.09,95.0,22.3,18.68,37.96,-37.15,-7.18
216.24,0.26,1.82,8.96,41.09,95.0,22.3,14.08,37.96,-33.38,-8.47
216.28,0.27,1.03,9.08,41.09,95.0,22.3,18.80,38.23,-33.38,-12.37
216.32,0.38,0.62,9.07,41.09,95.0,22.3,18.45,38.23,-30.87,-21.46
216.36,0.28,-0.04,9.22,41.09,95.0,22.3,18.80,37.96,-25.84,-18.86
216.40,0.32,-0.16,9.16,41.09,95.0,22.3,18.68,38.50,-23.33,-27.96
216.44,0.35,-0.55,9.30,41.09,95.0,22.3,18.56,38.23,-22.07,-31.85
216.48,0.33,-0.93,9.23,41.09,95.0,22.3,18.45,38.50,-12.03,-38.34
216.52,0.44,-1.42,9.29,41.09,95.0,22.3,18.56,37.96,-9.52,-40.94
216.56,0.35,-0.68,9.27,41.09,95.0,22.3,18.68,38.23,-1.98,-42.24
216.60,0.30,-1.29,9.37,41.09,95.0,22.3,18.68,38.23,8.07,-43.54
216.64,0.47,-1.09,9.32,41.09,95.0,22.3,18.45,38.23,18.11,-43.54
216.68,0.28,-0.97,9.35,41.09,95.0,22.3,18.56,38.23,30.67,-43.54
216.72,0.40,-1.05,9.29,41.09,95.0,22.3,18.56,38.23,35.70,-38.34
216.76,0.40,-0.71,9.31,41.09,95.0,22.3,18.56,38.23,40.72,-37.05
216.80,0.27,-0.80,9.29,41.09,95.0,22.3,18.68,38.23,41.98,-26.66
216.84,0.42,-0.55,9.23,41.09,95.0,22.3,18.33,38.23,43.23,-22.76
216.88,0.28,0.03,9.19,41.09,95.0,22.3,18.68,38.50,40.72,-9.77
216.92,0.28,0.07,9.21,41.09,95.0,22.3,18.80,37.96,40.72,1.91
216.96,0.38,0.38,9.07,41.09,95.0,22.3,18.68,38.50,39.47,4.51
217.00,0.29,0.69,9.11,41.09,95.0,22.3,18.80,37.96,35.70,16.20
217.04,0.27,1.21,9.11,41.09,95.0,22.3,17.85,38.23,29.42,22.69
217.08,0.25,1.77,9.04,41.09,95.0,22.3,18.68,37.96,21.88,31.78
217.12,0.28,2.13,8.94,41.09,95.0,22.3,18.56,37.69,14.35,36.98
217.16,0.25,2.69,8.97,41.09,95.0,22.3,18.68,38.23,5.56,39.58
217.20,0.22,2.99,8.98,41.09,95.0,22.3,15.07,38.77,0.53,39.58
217.24,0.14,3.97,8.93,41.09,95.0,22.3,18.33,38.50,-10.77,39.58
217.28,0.18,3.95,9.01,41.09,95.0,22.3,18.80,38.23,-13.28,36.98
217.32,0.18,4.14,8.96,41.09,95.0,22.3,18.33,40.49,-27.10,35.68
217.36,0.16,4.51,8.94,41.09,95.0,22.3,18.80,38.23,-32.12,30.49
217.40,0.21,4.05,8.95,41.09,95.0,22.3,18.68,38.23,-37.15,23.99
217.44,0.14,4.39,8.94,41.09,95.0,22.3,18.68,38.23,-39.66,18.80
217.48,0.16,3.96,8.95,41.09,95.0,22.3,18.80,38.23,-43.42,13.60
217.52,0.25,3.59,8.96,41.09,95.0,22.3,19.27,37.96,-43.42,9.71
217.56,0.18,3.28,8.95,41.09,95.0,22.3,19.15,38.23,-43.42,4.51
217.60,0.25,2.49,9.02,41.09,95.0,22.3,18.56,38.50,-42.17,-3.28
217.64,0.25,2.66,8.94,41.09,95.0,22.3,18.45,37.96,-39.66,-3.28
217.68,0.18,1.94,8.93,41.09,95.0,22.3,18.68,38.50,-37.15,-8.47
217.72,0.35,1.61,8.98,41.09,95.0,22.3,18.56,38.23,-34.63,-9.77
217.76,0.33,0.74,9.13,41.09,95.0,22.3,18.68,38.23,-30.87,-14.97
217.80,0.30,0.22,9.16,41.09,95.0,22.3,18.45,38.50,-30.87,-20.16
217.84,0.36,-0.00,9.13,41.09,95.0,22.3,19.27,38.23,-25.84,-24.06
217.88,0.29,-0.20,9.11,41.09,95.0,22.3,18.80,37.96,-20.82,-29.25
217.92,0.41,-1.30,9.27,41.09,95.0,22.3,18.56,38.50,-18.31,-34.45
217.96,0.40,-0.74,9.34,41.09,95.0,22.3,18.56,38.23,-12.03,-38.34
218.00,0.34,-1.37,9.40,41.09,95.0,22.3,18.45,38.50,-3.24,-40.94
218.04,0.46,-1.08,9.38,41.09,95.0,22.3,18.56,38.23,6.81,-43.54
218.08,0.32,-0.74,9.31,41.09,95.0,22.3,18.68,38.23,13.09,-43.54
218.12,0.38,-1.47,9.39,41.09,95.0,22.3,18.45,38.50,25.65,-44.84
218.16,0.44,-0.74,9.29,41.09,95.0,22.3,18.56,38.50,30.67,-43.54
218.20,0.29,-0.64,9.33,41.09,95.0,22.3,18.56,38.50,38.21,-38.34
218.24,0.42,-0.85,9.25,41.09,95.0,22.3,18.56,38.50,41.98,-31.85
218.28,0.35,-0.42,9.25,41.09,95.0,22.3,18.80,38.23,45.74,-24.06
218.32,0.26,-0.25,9.23,41.09,95.0,22.3,18.56,37.96,47.00,-17.57
218.36,0.39,-0.00,9.18,41.09,95.0,22.3,18.68,38.23,43.23,-9.77
218.40,0.30,0.23,9.12,41.09,95.0,22.3,18.68,37.96,40.72,4.51
218.44,0.28,0.41,9.07,41.09,95.0,22.3,18.56,37.96,34.44,7.11
218.48,0.34,0.94,8.99,41.09,95.0,22.3,18.68,37.96,34.44,20.10
218.52,0.25,1.43,8.99,41.09,95.0,22.3,18.45,38.23,25.65,25.29
218.56,0.24,2.16,9.00,41.09,95.0,22.3,18.80,37.96,21.88,34.38
218.60,0.27,2.22,9.08,41.09,95.0,22.3,18.68,38.23,10.58,38.28
218.64,0.17,3.01,9.00,41.09,95.0,22.3,18.45,38.23,8.07,38.28
218.68,0.20,3.40,8.96,41.09,95.0,22.3,17.85,37.96,-3.24,38.28
218.72,0.18,3.87,8.93,41.09,95.0,22.3,18.45,37.96,-14.54,38.28
218.76,0.09,4.39,8.93,41.09,95.0,22.3,18.45,38.23,-19.56,35.68
218.80,0.20,4.10,8.99,41.09,95.0,22.3,18.68,37.96,-30.87,29.19
218.84,0.22,4.38,8.95,41.09,95.0,22.3,18.45,38.23,-34.63,27.89
218.88,0.14,4.36,8.93,41.09,95.0,22.3,18.56,38.23,-38.40,20.10
218.92,0.20,3.90,8.98,41.09,95.0,22.3,18.33,39.33,-43.42,17.50
218.96,0.13,4.02,8.98,41.09,95.0,22.3,18.68,38.23,-39.66,8.41
219.00,0.23,3.24,8.95,41.09,95.0,22.3,18.45,38.50,-43.42,3.21
219.04,0.26,3.05,8.95,41.09,95.0,22.3,18.45,38.23,-42.17,1.91
219.08,0.13,2.52,9.02,41.09,95.0,22.3,18.68,38.50,-42.17,-3.28
219.12,0.22,2.14,9.04,41.09,95.0,22.3,18.33,38.50,-38.40,-5.88
219.16,0.28,1.76,9.03,41.09,95.0,22.3,18.56,38.23,-38.40,-9.77
219.20,0.28,0.98,9.12,41.09,95.0,22.3,18.56,38.23,-33.38,-14.97
219.24,0.33,0.58,9.05,41.09,95.0,22.3,18.45,38.50,-32.12,-16.27
219.28,0.27,0.15,9.08,41.09,95.0,22.3,18.56,38.50,-27.10,-24.06
219.32,0.34,-0.11,9.16,41.09,95.0,22.3,18.45,38.50,-25.84,-26.66
219.36,0.35,-0.60,9.36,41.09,95.0,22.3,18.56,38.50,-20.82,-33.15
219.40,0.28,-1.01,9.30,41.09,95.0,22.3,18.21,38.23,-13.28,-38.34
219.44,0.43,-1.40,9.31,41.09,95.0,22.3,18.56,38.50,-7.00,-38.34
219.48,0.33,-0.60,9.27,41.09,95.0,22.3,18.68,38.23,1.79,-43.54
219.52,0.31,-1.32,9.31,41.09,95.0,22.3,18.45,38.50,8.07,-42.24
219.56,0.44,-1.09,9.37,41.09,95.0,22.3,18.68,37.96,20.63,-43.54
219.60,0.28,-1.02,9.38,41.09,95.0,22.3,18.68,38.23,30.67,-40.94
219.64,0.38,-1.15,9.34,41.09,95.0,22.3,18.33,37.96,36.95,-40.94
219.68,0.40,-0.75,9.31,41.09,95.0,22.3,18.80,38.23,39.47,-34.45
219.72,0.25,-0.88,9.31,41.09,95.0,22.3,21.71,37.96,41.98,-31.85
219.76,0.43,-0.58,9.24,41.09,95.0,22.3,18.68,38.23,41.98,-20.16
219.80,0.27,-0.02,9.15,41.09,95.0,22.3,18.80,37.96,41.98,-11.07
219.84,0.30,-0.05,9.19,41.09,95.0,22.3,18.68,38.23,40.72,-7.18
219.88,0.36,0.30,9.13,41.09,95.0,22.3,18.80,38.23,39.47,7.11
219.92,0.26,0.68,9.08,41.09,95.0,22.3,18.56,38.23,35.70,13.60
219.96,0.27,1.30,9.04,41.09,95.0,22.3,18.92,37.96,30.67,23.99
220.00,0.26,1.75,9.03,41.09,95.0,22.3,18.92,38.23,25.65,29.19
220.04,0.21,2.01,9.03,41.09,95.0,22.3,18.45,38.23,19.37,35.68
220.08,0.23,2.63,8.91,41.09,95.0,22.3,18.68,38.23,5.56,39.58
220.12,0.24,3.03,8.93,41.09,95.0,22.3,18.45,38.50,-0.72,39.58
220.16,0.13,3.92,8.94,41.09,95.0,22.3,18.68,38.23,-12.03,38.28
220.20,0.19,3.84,9.00,41.09,95.0,22.3,14.70,38.50,-17.05,36.98
220.24,0.15,4.22,8.94,41.09,95.0,22.3,18.45,38.23,-24.59,34.38
220.28,0.11,4.44,8.94,41.09,95.0,22.3,18.68,38.50,-34.63,30.49
220.32,0.20,4.04,8.95,41.09,95.0,22.3,18.45,38.50,-37.15,23.99
220.36,0.16,4.40,8.93,41.09,95.0,22.3,18.80,38.23,-40.91,17.50
220.40,0.15,3.88,9.02,41.09,95.0,22.3,18.56,38.23,-43.42,14.90
220.44,0.23,3.62,8.99,41.09,95.0,22.3,18.21,38.50,-44.68,7.11
220.48,0.14,3.34,8.98,41.09,95.0,22.3,18.68,38.23,-44.68,1.91
220.52,0.23,2.64,8.91,41.09,95.0,22.3,18.45,38.23,-44.68,-0.68
220.56,0.26,2.57,8.93,41.09,95.0,22.3,18.68,37.96,-42.17,-3.28
220.60,0.23,1.77,9.02,41.09,95.0,22.3,18.68,37.16,-39.66,-5.88
220.64,0.28,1.45,9.08,41.09,95.0,22.3,18.45,38.23,-37.15,-12.37
220.68,0.31,0.80,9.05,41.09,95.0,22.3,18.92,39.05,-32.12,-16.27
220.72,0.31,0.28,9.06,41.09,95.0,22.3,18.56,38.23,-27.10,-18.86
220.76,0.39,-0.06,9.11,41.09,95.0,22.3,18.68,37.69,-23.33,-25.36
220.80,0.26,-0.27,9.19,41.09,95.0,22.3,18.68,36.39,-23.33,-27.96
220.84,0.43,-1.25,9.25,41.09,95.0,22.3,18.56,38.23,-14.54,-34.45
220.88,0.38,-0.60,9.25,41.09,95.0,22.3,18.68,37.96,-14.54,-37.05
220.92,0.33,-1.39,9.35,41.09,95.0,22.3,18.68,37.96,0.53,-39.64
220.96,0.44,-1.18,9.40,41.09,95.0,22.3,18.68,38.50,9.32,-42.24
221.00,0.30,-0.81,9.30,41.09,95.0,22.3,18.45,37.96,13.09,-43.54
221.04,0.40,-1.41,9.38,41.09,95.0,22.3,18.45,37.96,25.65,-43.54
221.08,0.42,-0.73,9.29,41.09,95.0,22.3,18.56,38.23,30.67,-40.94
221.12,0.26,-0.73,9.30,41.09,95.0,22.3,18.56,38.23,39.47,-39.64
221.16,0.45,-0.79,9.27,41.09,95.0,22.3,18.68,37.96,41.98,-33.15
221.20,0.37,-0.40,9.23,41.09,95.0,22.3,18.68,38.50,41.98,-27.96
221.24,0.31,-0.31,9.25,41.09,95.0,22.3,18.33,38.23,40.72,-18.86
221.28,0.35,0.03,9.18,41.09,95.0,22.3,18.80,38.23,41.98,-7.18
221.32,0.30,0.20,9.12,41.09,95.0,22.3,18.45,38.23,39.47,-0.68
221.36,0.29,0.49,9.06,41.09,95.0,22.3,18.68,38.23,36.95,11.01
221.40,0.36,1.05,9.00,41.09,95.0,22.3,18.56,38.23,33.19,17.50
221.44,0.28,1.46,9.07,41.09,95.0,22.3,18.45,37.96,25.65,27.89
221.48,0.23,2.09,9.02,41.09,95.0,22.3,18.45,38.50,21.88,34.38
221.52,0.23,2.30,9.01,41.09,95.0,22.3,17.49,38.50,11.84,38.28
221.56,0.23,3.19,8.90,41.09,95.0,22.3,18.56,38.50,6.81,39.58
221.60,0.21,3.32,9.03,41.09,95.0,22.3,18.09,38.50,-4.49,40.88
221.64,0.12,3.80,9.00,41.09,95.0,22.3,18.56,38.23,-15.79,36.98
221.68,0.13,4.53,8.90,41.09,95.0,22.3,18.09,38.50,-22.07,34.38
221.72,0.23,4.16,8.94,41.09,95.0,22.3,17.61,38.23,-29.61,33.08
221.76,0.18,4.32,8.98,41.09,95.0,22.3,18.56,38.50,-33.38,25.29
221.80,0.17,4.39,8.96,41.09,95.0,22.3,18.21,38.23,-35.89,22.69
221.84,0.16,3.89,8.94,41.09,95.0,22.3,18.45,38.23,-42.17,14.90
221.88,0.14,4.13,8.95,41.09,95.0,22.3,18.68,38.23,-43.42,9.71
221.92,0.25,3.23,9.00,41.09,95.0,22.3,18.56,38.23,-44.68,5.81
221.96,0.27,3.02,8.94,41.09,95.0,22.3,18.45,37.96,-44.68,1.91
222.00,0.18,2.49,8.99,41.09,95.0,22.3,18.56,38.23,-43.42,0.62
222.04,0.25,2.15,8.99,41.09,95.0,22.3,18.56,37.43,-42.17,-4.58
222.08,0.30,1.83,8.96,41.09,95.0,22.3,18.68,37.96,-35.89,-11.07
222.12,0.25,1.07,9.03,41.09,95.0,22.3,18.56,37.96,-32.12,-12.37
222.16,0.37,0.56,9.09,41.09,95.0,22.3,18.68,38.23,-29.61,-18.86
222.20,0.30,0.03,9.22,41.09,95.0,22.3,18.68,38.23,-27.10,-21.46
222.24,0.31,-0.08,9.18,41.09,95.0,22.3,18.56,37.96,-23.33,-26.66
222.28,0.38,-0.51,9.27,41.09,95.0,22.3,18.68,38.23,-20.82,-31.85
222.32,0.31,-0.91,9.29,41.09,95.0,22.3,18.56,38.23,-13.28,-35.75
222.36,0.44,-1.40,9.33,41.09,95.0,22.3,18.68,38.77,-8.26,-39.64
222.40,0.32,-0.69,9.26,41.09,95.0,22.3,18.68,37.96,3.04,-40.94
222.44,0.33,-1.30,9.33,41.09,95.0,22.3,18.45,38.77,8.07,-43.54
222.48,0.43,-0.99,9.31,41.09,95.0,22.3,18.80,38.23,20.63,-44.84
222.52,0.28,-0.97,9.33,41.09,95.0,22.3,18.45,39.05,28.16,-44.84
222.56,0.40,-1.09,9.32,41.09,95.0,22.3,18.56,38.23,36.95,-40.94
222.60,0.36,-0.74,9.35,41.09,95.0,22.3,18.68,38.23,39.47,-35.75
222.64,0.28,-0.82,9.31,41.09,95.0,22.3,18.68,38.23,40.72,-29.25
222.68,0.42,-0.57,9.22,41.09,95.0,22.3,18.09,38.23,43.23,-24.06
222.72,0.29,-0.08,9.22,41.09,95.0,22.3,18.33,38.50,41.98,-13.67
222.76,0.27,0.01,9.23,41.09,95.0,22.3,18.68,38.23,40.72,-1.98
222.80,0.37,0.30,9.16,41.09,95.0,22.3,18.68,38.50,39.47,4.51
222.84,0.26,0.64,9.15,41.09,95.0,22.3,18.45,38.23,33.19,16.20
222.88,0.24,1.28,9.09,41.09,95.0,22.3,18.68,38.23,29.42,20.10
222.92,0.26,1.76,9.00,41.09,95.0,22.3,18.56,38.23,25.65,31.78
222.96,0.27,2.06,8.97,41.09,95.0,22.3,18.80,40.49,18.11,36.98
223.00,0.24,2.57,8.93,41.09,95.0,22.3,18.68,38.50,5.56,38.28
223.04,0.22,3.01,8.97,41.09,95.0,22.3,18.56,38.23,1.79,38.28
223.08,0.17,3.92,8.88,41.09,95.0,22.3,18.68,38.50,-12.03,39.58
223.12,0.18,3.92,8.90,41.09,95.0,22.3,18.56,37.96,-17.05,35.68
223.16,0.21,4.14,8.96,41.09,95.0,22.3,18.45,38.50,-28.35,33.08
223.20,0.12,4.42,9.01,41.09,95.0,22.3,18.56,38.23,-32.12,29.19
223.24,0.20,4.04,8.99,41.09,95.0,22.3,18.56,42.00,-37.15,22.69
223.28,0.12,4.37,8.98,41.09,95.0,22.3,18.56,37.96,-40.91,21.40
223.32,0.14,3.93,8.96,41.09,95.0,22.3,18.45,38.23,-42.17,13.60
223.36,0.28,3.73,8.90,41.09,95.0,22.3,18.68,38.23,-43.42,7.11
223.40,0.17,3.33,8.96,41.09,95.0,22.3,18.56,38.23,-44.68,4.51
223.44,0.23,2.55,9.01,41.09,95.0,22.3,15.19,37.96,-43.42,-0.68
223.48,0.23,2.65,8.93,41.09,95.0,22.3,18.45,38.23,-40.91,-1.98
223.52,0.23,1.87,9.03,41.09,95.0,22.3,18.56,38.23,-39.66,-7.18
223.56,0.28,1.59,9.02,41.09,95.0,22.3,18.56,38.23,-33.38,-13.67
223.60,0.31,0.75,9.09,41.09,95.0,22.3,18.68,38.23,-34.63,-16.27
223.64,0.35,0.25,9.05,41.09,95.0,22.3,18.68,37.96,-29.61,-20.16
223.68,0.38,0.02,9.07,41.09,95.0,22.3,18.56,38.50,-24.59,-24.06
223.72,0.26,-0.18,9.13,41.09,95.0,22.3,18.56,38.23,-22.07,-27.96
223.76,0.44,-1.24,9.31,41.09,95.0,22.3,18.68,38.23,-14.54,-35.75
223.80,0.39,-0.71,9.27,41.09,95.0,22.3,18.68,37.96,-12.03,-37.05
223.84,0.34,-1.44,9.35,41.09,95.0,22.3,18.45,38.50,-7.00,-40.94
223.88,0.49,-0.97,9.30,41.09,95.0,22.3,18.80,38.23,9.32,-42.24
223.92,0.32,-0.75,9.28,41.09,95.0,22.3,18.45,38.23,11.84,-44.84
223.96,0.39,-1.49,9.37,41.09,95.0,22.3,18.56,38.50,24.39,-44.84
224.00,0.42,-0.78,9.32,41.09,95.0,22.3,18.68,38.77,31.93,-40.94
224.04,0.26,-0.69,9.33,41.09,95.0,22.3,18.68,38.23,36.95,-37.05
224.08,0.45,-0.80,9.25,41.09,95.0,22.3,18.56,38.50,40.72,-33.15
224.12,0.32,-0.51,9.27,41.09,95.0,22.3,18.45,38.50,40.72,-25.36
224.16,0.28,-0.31,9.17,41.09,95.0,22.3,18.33,38.23,43.23,-13.67
224.20,0.40,0.03,9.18,41.09,95.0,22.3,18.68,38.23,41.98,-8.47
224.24,0.29,0.24,9.16,41.09,95.0,22.3,18.45,38.50,40.72,0.62
224.28,0.31,0.49,9.12,41.09,95.0,22.3,18.56,38.23,39.47,7.11
224.32,0.35,0.94,9.04,41.09,95.0,22.3,18.45,38.77,34.44,20.10
224.36,0.25,1.46,8.96,41.09,95.0,22.3,18.68,38.23,25.65,30.49
224.40,0.22,2.07,8.96,41.09,95.0,22.3,18.68,38.23,21.88,34.38
224.44,0.24,2.17,9.05,41.09,95.0,22.3,18.45,38.23,10.58,39.58
224.48,0.18,3.03,8.96,41.09,95.0,22.3,18.68,38.23,6.81,42.17
224.52,0.25,3.30,8.97,41.09,95.0,22.3,18.68,37.96,-3.24,39.58
224.56,0.14,3.83,8.97,41.09,95.0,22.3,18.68,38.23,-15.79,36.98
224.60,0.11,4.38,8.98,41.09,95.0,22.3,21.82,38.23,-22.07,35.68
224.64,0.21,4.14,8.97,41.09,95.0,22.3,18.45,38.50,-28.35,30.49
224.68,0.14,4.41,8.94,41.09,95.0,22.3,18.80,37.69,-32.12,26.59
224.72,0.15,4.34,8.92,41.09,95.0,22.3,18.56,37.96,-37.15,20.10
224.76,0.21,3.97,8.99,41.09,95.0,22.3,18.80,38.23,-40.91,13.60
224.80,0.13,4.11,8.94,41.09,95.0,22.3,18.56,38.50,-43.42,11.01
224.84,0.25,3.21,8.93,41.09,95.0,22.3,18.45,37.96,-45.94,7.11
224.88,0.24,3.07,8.92,41.09,95.0,22.3,18.80,38.50,-44.68,4.51
224.92,0.15,2.53,8.96,41.09,95.0,22.3,18.56,38.50,-43.42,1.91
224.96,0.24,2.26,8.98,41.09,95.0,22.3,18.68,38.77,-38.40,-4.58
225.00,0.26,1.75,9.07,41.09,95.0,22.3,18.56,38.23,-37.15,-9.77
225.04,0.27,1.01,9.11,41.09,95.0,22.3,18.56,38.23,-33.38,-14.97
225.08,0.34,0.58,9.10,41.09,95.0,22.3,18.92,38.23,-28.35,-17.57
225.12,0.29,0.14,9.11,41.09,95.0,22.3,18.45,38.23,-28.35,-22.76
225.16,0.35,-0.03,9.13,41.09,95.0,22.3,18.56,38.23,-25.84,-26.66
225.20,0.36,-0.55,9.33,41.09,95.0,22.3,18.56,38.23,-19.56,-30.55
225.24,0.30,-1.03,9.33,41.09,95.0,22.3,18.56,38.50,-14.54,-37.05
225.28,0.46,-1.39,9.34,41.09,95.0,22.3,19.04,38.23,-9.52,-38.34
225.32,0.31,-0.60,9.25,41.09,95.0,22.3,18.45,38.23,0.53,-42.24
225.36,0.33,-1.29,9.34,41.09,95.0,22.3,18.80,38.23,10.58,-44.84
225.40,0.43,-1.06,9.36,41.09,95.0,22.3,18.45,36.90,20.63,-44.84
225.44,0.29,-0.99,9.33,41.09,95.0,22.3,18.45,38.50,25.65,-42.24
225.48,0.41,-1.08,9.37,41.09,95.0,22.3,18.68,38.23,35.70,-38.34
225.52,0.36,-0.70,9.28,41.09,95.0,22.3,18.45,38.50,39.47,-35.75
225.56,0.29,-0.89,9.22,41.09,95.0,22.3,18.68,37.96,40.72,-30.55
225.60,0.41,-0.48,9.23,41.09,95.0,22.3,18.68,38.23,40.72,-24.06
225.64,0.30,-0.04,9.21,41.09,95.0,22.3,18.68,37.96,43.23,-12.37
225.68,0.27,-0.03,9.17,41.09,95.0,22.3,18.80,38.23,39.47,-7.18
225.72,0.35,0.36,9.14,41.09,95.0,22.3,18.56,38.50,36.95,7.11
225.76,0.30,0.68,9.05,41.09,95.0,22.3,18.80,37.96,36.95,14.90
225.80,0.24,1.30,9.04,41.09,95.0,22.3,18.80,37.96,29.42,23.99
225.84,0.30,1.68,9.01,41.09,95.0,22.3,18.45,38.23,25.65,31.78
225.88,0.22,1.92,9.02,41.09,95.0,22.3,18.80,38.23,15.60,35.68
225.92,0.22,2.73,8.88,41.09,95.0,22.3,18.56,38.23,6.81,39.58
225.96,0.25,3.17,8.86,41.09,95.0,22.3,18.68,38.23,0.53,39.58
226.00,0.17,3.78,8.94,41.09,95.0,22.3,19.15,38.23,-8.26,36.98
226.04,0.21,3.76,8.99,41.09,95.0,22.3,18.80,37.96,-15.79,35.68
226.08,0.13,4.30,8.98,41.09,95.0,22.3,18.45,38.23,-25.84,33.08
226.12,0.13,4.39,8.90,41.09,95.0,22.3,18.45,38.23,-29.61,26.59
226.16,0.20,4.06,8.98,41.09,95.0,22.3,18.68,38.23,-35.89,23.99
226.20,0.14,4.44,8.96,41.09,95.0,22.3,18.56,38.23,-42.17,17.50
226.24,0.16,3.94,8.98,41.09,95.0,22.3,14.45,38.50,-44.68,12.30
226.28,0.21,3.69,8.95,41.09,95.0,22.3,18.92,38.23,-44.68,8.41
226.32,0.14,3.32,8.94,41.09,95.0,22.3,18.56,38.50,-44.68,4.51
226.36,0.29,2.63,8.99,41.09,95.0,22.3,18.68,38.50,-43.42,3.21
226.40,0.28,2.57,8.92,41.09,95.0,22.3,18.45,38.23,-39.66,-3.28
226.44,0.24,1.82,9.02,41.09,95.0,22.3,18.21,38.23,-38.40,-8.47
226.48,0.33,1.58,9.05,41.09,95.0,22.3,19.27,38.23,-35.89,-11.07
226.52,0.30,0.85,9.04,41.09,95.0,22.3,18.33,38.23,-33.38,-16.27
226.56,0.34,0.34,9.03,41.09,95.0,22.3,19.04,37.96,-29.61,-18.86
226.60,0.35,-0.07,9.14,41.09,95.0,22.3,18.68,37.96,-25.84,-22.76
226.64,0.29,-0.28,9.21,41.09,95.0,22.3,18.45,37.96,-20.82,-29.25
226.68,0.40,-1.29,9.28,41.09,95.0,22.3,15.80,38.50,-14.54,-31.85
226.72,0.40,-0.60,9.20,41.09,95.0,22.3,18.92,37.96,-12.03,-38.34
226.76,0.37,-1.40,9.34,41.09,95.0,22.3,18.68,38.50,-1.98,-42.24
226.80,0.43,-1.09,9.39,41.09,95.0,22.3,18.68,38.23,3.04,-43.54
226.84,0.29,-0.86,9.37,41.09,95.0,22.3,19.04,38.23,16.86,-43.54
226.88,0.41,-1.50,9.39,41.09,95.0,22.3,18.92,37.96,26.91,-43.54
226.92,0.42,-0.76,9.36,41.09,95.0,22.3,18.45,38.23,30.67,-39.64
226.96,0.23,-0.76,9.30,41.09,95.0,22.3,18.68,38.23,38.21,-38.34
227.00,0.43,-0.84,9.28,41.09,95.0,22.3,18.68,38.23,38.21,-34.45
227.04,0.35,-0.50,9.29,41.09,95.0,22.3,18.80,38.23,39.47,-26.66
227.08,0.30,-0.32,9.22,41.09,95.0,22.3,18.56,38.50,40.72,-17.57
227.12,0.38,0.01,9.19,41.09,95.0,22.3,18.45,38.23,41.98,-7.18
227.16,0.28,0.16,9.16,41.09,95.0,22.3,18.80,38.50,38.21,0.62
227.20,0.28,0.42,9.13,41.09,95.0,22.3,18.56,38.23,38.21,9.71
227.24,0.33,1.03,9.03,41.09,95.0,22.3,18.56,38.23,34.44,21.40
227.28,0.26,1.31,8.97,41.09,95.0,22.3,18.80,38.50,25.65,26.59
227.32,0.23,1.92,8.99,41.09,95.0,22.3,18.80,37.96,20.63,35.68
227.36,0.23,2.30,9.00,41.09,95.0,22.3,18.68,38.50,10.58,36.98
227.40,0.18,3.12,8.91,41.09,95.0,22.3,18.56,38.23,6.81,40.88
227.44,0.24,3.26,9.01,41.09,95.0,22.3,18.56,38.50,-7.00,36.98
227.48,0.12,3.77,8.97,41.09,95.0,22.3,18.80,38.50,-10.77,38.28
227.52,0.11,4.46,8.96,41.09,95.0,22.3,18.33,38.50,-19.56,33.08
227.56,0.21,4.04,8.93,41.09,95.0,22.3,18.80,37.96,-27.10,31.78
227.60,0.15,4.41,9.01,41.09,95.0,22.3,18.45,38.50,-34.63,25.29
227.64,0.18,4.30,8.92,41.09,95.0,22.3,18.45,38.23,-42.17,21.40
227.68,0.22,3.98,9.00,41.09,95.0,22.3,18.68,38.50,-42.17,14.90
227.72,0.09,4.13,8.93,41.09,95.0,22.3,19.27,38.50,-45.94,9.71
227.76,0.27,3.24,9.00,41.09,95.0,22.3,18.68,38.50,-44.68,7.11
227.80,0.28,3.06,8.95,41.09,95.0,22.3,18.56,37.96,-43.42,3.21
227.84,0.15,2.44,9.02,41.09,95.0,22.3,18.68,37.96,-42.17,-0.68
227.88,0.27,2.08,9.02,41.09,95.0,22.3,18.92,37.96,-39.66,-5.88
227.92,0.24,1.79,9.00,41.09,95.0,22.3,18.45,37.96,-37.15,-8.47
227.96,0.25,1.14,9.05,41.09,95.0,22.3,18.80,38.23,-33.38,-12.37
228.00,0.35,0.64,9.09,41.09,95.0,22.3,18.45,37.96,-33.38,-14.97
228.04,0.32,-0.05,9.16,41.09,95.0,22.3,18.56,38.23,-27.10,-20.16
228.08,0.32,-0.16,9.22,41.09,95.0,22.3,18.68,37.96,-24.59,-25.36
228.12,0.36,-0.48,9.34,41.09,95.0,22.3,18.68,38.50,-15.79,-33.15
228.16,0.32,-0.96,9.34,41.09,95.0,22.3,18.68,38.50,-14.54,-35.75
228.20,0.45,-1.37,9.32,41.09,95.0,22.3,18.56,38.50,-3.24,-40.94
228.24,0.30,-0.73,9.36,41.09,95.0,22.3,18.56,38.23,3.04,-40.94
228.28,0.32,-1.34,9.35,41.09,95.0,22.3,18.45,38.50,9.32,-42.24
228.32,0.43,-0.97,9.28,41.09,95.0,22.3,19.62,37.96,19.37,-43.54
228.36,0.27,-1.05,9.34,41.09,95.0,22.3,18.68,38.23,25.65,-43.54
228.40,0.42,-1.01,9.31,41.09,95.0,22.3,18.56,38.23,34.44,-40.94
228.44,0.36,-0.75,9.28,41.09,95.0,22.3,18.45,38.50,38.21,-39.64
228.48,0.31,-0.78,9.29,41.09,95.0,22.3,18.56,38.50,39.47,-30.55
228.52,0.42,-0.50,9.22,41.09,95.0,22.3,18.45,38.50,40.72,-20.16
228.56,0.24,-0.05,9.28,41.09,95.0,22.3,18.68,38.50,40.72,-14.97
228.60,0.28,0.06,9.19,41.09,95.0,22.3,18.45,38.50,41.98,-3.28
228.64,0.37,0.28,9.18,41.09,95.0,22.3,18.56,38.50,38.21,3.21
228.68,0.29,0.66,9.10,41.09,95.0,22.3,18.56,38.23,35.70,13.60
228.72,0.25,1.19,9.11,41.09,95.0,22.3,18.56,38.50,29.42,25.29
228.76,0.26,1.62,9.02,41.09,95.0,22.3,18.68,38.23,25.65,30.49
228.80,0.26,2.15,8.99,41.09,95.0,22.3,18.33,39.05,16.86,36.98
228.84,0.25,2.70,8.93,41.09,95.0,22.3,18.45,38.23,11.84,40.88
228.88,0.21,3.00,9.02,41.09,95.0,22.3,18.56,38.50,-1.98,42.17
228.92,0.13,3.82,8.97,41.09,95.0,22.3,18.80,38.23,-10.77,36.98
228.96,0.21,3.93,8.91,41.09,95.0,22.3,18.68,38.50,-15.79,36.98
229.00,0.18,4.24,8.92,41.09,95.0,22.3,18.45,38.50,-25.84,31.78
229.04,0.12,4.37,8.94,41.09,95.0,22.3,18.56,38.50,-28.35,29.19
229.08,0.21,4.06,9.00,41.09,95.0,22.3,18.68,37.43,-37.15,20.10
229.12,0.14,4.43,8.98,41.09,95.0,22.3,18.56,38.50,-40.91,16.20
229.16,0.15,3.93,8.96,41.09,95.0,22.3,18.80,37.96,-42.17,13.60
229.20,0.21,3.72,8.99,41.09,95.0,22.3,18.56,38.50,-45.94,9.71
229.24,0.20,3.28,8.95,41.09,95.0,22.3,18.68,38.23,-44.68,5.81
229.28,0.26,2.55,8.96,41.09,95.0,22.3,18.68,37.96,-42.17,1.91
229.32,0.23,2.63,8.92,41.09,95.0,22.3,18.56,38.50,-42.17,-4.58
229.36,0.22,2.00,8.96,41.09,95.0,22.3,18.68,38.50,-38.40,-7.18
229.40,0.34,1.64,8.95,41.09,95.0,22.3,18.68,37.96,-35.89,-11.07
229.44,0.30,0.83,9.04,41.09,95.0,22.3,18.68,38.23,-32.12,-12.37
229.48,0.29,0.23,9.17,41.09,95.0,22.3,18.56,38.50,-29.61,-18.86
229.52,0.36,-0.10,9.22,41.09,95.0,22.3,18.45,37.96,-27.10,-25.36
229.56,0.25,-0.24,9.18,41.09,95.0,22.3,18.80,38.77,-19.56,-29.25
229.60,0.44,-1.22,9.24,41.09,95.0,22.3,18.80,38.23,-14.54,-35.75
229.64,0.40,-0.62,9.24,41.09,95.0,22.3,18.68,38.23,-9.52,-38.34
229.68,0.37,-1.48,9.35,41.09,95.0,22.3,18.68,38.50,-3.24,-40.94
229.72,0.45,-1.03,9.36,41.09,95.0,22.3,18.56,38.23,0.53,-44.84
229.76,0.30,-0.82,9.35,41.09,95.0,22.3,18.92,38.23,11.84,-44.84
229.80,0.40,-1.50,9.39,41.09,95.0,22.3,18.45,38.50,25.65,-44.84
229.84,0.42,-0.76,9.33,41.09,95.0,22.3,18.68,38.23,30.67,-42.24
229.88,0.26,-0.67,9.26,41.09,95.0,22.3,18.33,38.50,36.95,-38.34
229.92,0.44,-0.79,9.27,41.09,95.0,22.3,18.45,38.23,39.47,-27.96
229.96,0.30,-0.53,9.28,41.09,95.0,22.3,18.68,38.50,40.72,-25.36
230.00,0.26,-0.32,9.25,41.09,95.0,22.3,18.56,38.23,39.47,-18.86
230.04,0.42,0.01,9.22,41.09,95.0,22.3,18.68,38.23,40.72,-13.67
230.08,0.30,0.16,9.15,41.09,95.0,22.3,18.80,37.96,40.72,0.62
230.12,0.27,0.38,9.17,41.09,95.0,22.3,18.45,38.23,38.21,5.81
230.16,0.31,0.82,9.08,41.09,95.0,22.3,18.68,38.50,31.93,18.80
230.20,0.25,1.41,9.00,41.09,95.0,22.3,19.15,38.23,30.67,29.19
230.24,0.25,2.06,8.97,41.09,95.0,22.3,18.56,37.96,21.88,34.38
230.28,0.21,2.18,9.08,41.09,95.0,22.3,18.68,37.96,11.84,40.88
230.32,0.19,2.96,8.97,41.09,95.0,22.3,18.56,37.96,8.07,40.88
230.36,0.18,3.26,8.97,41.09,95.0,22.3,18.56,37.96,-5.75,40.88
230.40,0.15,3.91,8.91,41.09,95.0,22.3,18.45,38.23,-10.77,36.98
230.44,0.12,4.34,8.99,41.09,95.0,22.3,18.80,37.96,-20.82,34.38
230.48,0.18,4.07,8.97,41.09,95.0,22.3,18.56,38.50,-29.61,30.49
230.52,0.19,4.46,8.92,41.09,95.0,22.3,18.21,38.23,-32.12,25.29
230.56,0.15,4.33,8.89,41.09,95.0,22.3,18.45,38.50,-38.40,21.40
230.60,0.20,3.95,8.99,41.09,95.0,22.3,17.49,38.23,-42.17,14.90
230.64,0.16,4.06,8.94,41.09,95.0,22.3,18.68,38.77,-44.68,13.60
230.68,0.25,3.26,8.91,41.09,95.0,22.3,17.85,38.23,-45.94,7.11
230.72,0.25,3.03,8.98,41.09,95.0,22.3,18.56,38.23,-45.94,4.51
230.76,0.12,2.55,9.03,41.09,95.0,22.3,18.56,38.23,-40.91,-0.68
230.80,0.24,2.21,9.02,41.09,95.0,22.3,18.56,38.23,-39.66,-5.88
230.84,0.24,1.78,9.01,41.09,95.0,22.3,18.80,38.77,-33.38,-8.47
230.88,0.27,1.11,9.01,41.09,95.0,22.3,18.68,38.23,-34.63,-14.97
230.92,0.34,0.63,9.08,41.09,95.0,22.3,18.80,38.23,-32.12,-14.97
230.96,0.27,0.08,9.16,41.09,95.0,22.3,18.80,38.23,-27.10,-22.76
231.00,0.36,-0.13,9.19,41.09,95.0,22.3,18.56,38.23,-24.59,-29.25
231.04,0.40,-0.48,9.28,41.09,95.0,22.3,18.80,38.23,-18.31,-30.55
231.08,0.30,-1.03,9.33,41.09,95.0,22.3,18.56,38.50,-15.79,-37.05
231.12,0.40,-1.30,9.30,41.09,95.0,22.3,18.56,38.50,-4.49,-39.64
231.16,0.28,-0.64,9.27,41.09,95.0,22.3,18.68,38.23,3.04,-43.54
231.20,0.37,-1.36,9.35,41.09,95.0,22.3,18.45,38.23,3.04,-44.84
231.24,0.41,-1.00,9.33,41.09,95.0,22.3,18.68,37.96,3.04,-43.54
231.28,0.27,-1.06,9.33,41.09,95.0,22.3,18.56,38.23,3.04,-42.24
231.32,0.43,-0.97,9.31,41.09,95.0,22.3,18.45,38.50,33.19,-40.94
231.36,0.36,-0.70,9.30,41.09,95.0,22.3,18.56,38.23,38.21,-34.45
231.40,0.29,-0.85,9.29,41.09,95.0,22.3,18.45,38.23,41.98,-29.25
231.44,0.43,-0.52,9.22,41.09,95.0,22.3,18.68,38.23,44.49,-21.46
231.48,0.27,-0.04,9.19,41.09,95.0,22.3,18.68,38.23,41.98,-14.97
231.52,0.27,0.00,9.18,41.09,95.0,22.3,18.45,37.96,39.47,-8.47
231.56,0.36,0.30,9.12,41.09,95.0,22.3,18.68,38.23,39.47,5.81
231.60,0.26,0.64,9.12,41.09,95.0,22.3,18.56,37.96,41.98,17.50
231.64,0.26,1.21,9.06,41.09,95.0,22.3,18.56,38.23,28.16,23.99
231.68,0.32,1.81,9.02,41.09,95.0,22.3,18.68,38.23,28.16,33.08
231.72,0.22,2.08,8.97,41.09,95.0,22.3,18.45,38.23,18.11,38.28
231.76,0.20,2.57,8.93,41.09,95.0,22.3,18.80,38.23,13.09,40.88
231.80,0.24,3.19,8.88,41.09,95.0,22.3,18.56,38.23,0.53,38.28
231.84,0.17,3.89,8.89,41.09,95.0,22.3,18.68,38.23,-9.52,38.28
231.88,0.20,3.75,8.98,41.09,95.0,22.3,18.56,38.50,-19.56,35.68
231.92,0.15,4.27,8.91,41.09,95.0,22.3,18.56,38.23,-25.84,31.78
231.96,0.14,4.40,8.96,41.09,95.0,22.3,18.56,38.50,-30.87,26.59
232.00,0.23,3.97,8.98,41.09,95.0,22.3,18.45,38.23,-34.63,21.40
232.04,0.13,4.39,8.98,41.09,95.0,22.3,18.68,38.50,-42.17,17.50
232.08,0.18,3.93,8.99,41.09,95.0,22.3,19.15,38.23,-43.42,12.30
232.12,0.23,3.71,8.95,41.09,95.0,22.3,18.33,38.23,-44.68,9.71
232.16,0.15,3.37,8.94,41.09,95.0,22.3,19.04,38.23,-44.68,4.51
232.20,0.24,2.68,8.96,41.09,95.0,22.3,18.56,38.23,-43.42,-0.68
232.24,0.23,2.69,8.95,41.09,95.0,22.3,18.68,38.50,-42.17,-1.98
232.28,0.25,1.86,9.03,41.09,95.0,22.3,18.56,38.23,-39.66,-7.18
232.32,0.29,1.55,9.04,41.09,95.0,22.3,18.45,38.23,-33.38,-9.77
232.36,0.31,0.87,9.06,41.09,95.0,22.3,18.80,37.96,-34.63,-13.67
232.40,0.32,0.38,9.06,41.09,95.0,22.3,18.56,38.23,-28.35,-20.16
232.44,0.34,0.03,9.16,41.09,95.0,22.3,18.68,37.96,-28.35,-24.06
232.48,0.31,-0.29,9.15,41.09,95.0,22.3,18.56,38.50,-19.56,-30.55
232.52,0.42,-1.29,9.29,41.09,95.0,22.3,18.56,38.23,-14.54,-34.45
232.56,0.35,-0.51,9.20,41.09,95.0,22.3,18.45,38.50,-7.00,-38.34
232.60,0.38,-1.39,9.28,41.09,95.0,22.3,18.56,38.50,-3.24,-40.94
232.64,0.51,-0.96,9.31,41.09,95.0,22.3,18.80,37.96,3.04,-43.54
232.68,0.28,-0.87,9.41,41.09,95.0,22.3,18.21,38.23,13.09,-44.84
232.72,0.42,-1.48,9.37,41.09,95.0,22.3,18.56,38.23,23.14,-43.54
232.76,0.41,-0.65,9.30,41.09,95.0,22.3,18.68,38.23,30.67,-40.94
232.80,0.28,-0.72,9.33,41.09,95.0,22.3,18.68,38.77,36.95,-38.34
232.84,0.43,-0.82,9.31,41.09,95.0,22.3,18.68,37.96,39.47,-33.15
232.88,0.33,-0.51,9.24,41.09,95.0,22.3,18.56,38.23,40.72,-26.66
232.92,0.35,-0.36,9.21,41.09,95.0,22.3,18.56,38.23,41.98,-22.76
232.96,0.36,-0.02,9.21,41.09,95.0,22.3,18.68,38.23,41.98,-9.77
233.00,0.29,0.19,9.15,41.09,95.0,22.3,18.56,38.23,39.47,-5.88
233.04,0.30,0.34,9.15,41.09,95.0,22.3,18.68,38.23,38.21,7.11
233.08,0.34,0.94,9.07,41.09,95.0,22.3,18.56,38.23,33.19,21.40
233.12,0.23,1.48,9.03,41.09,95.0,22.3,18.56,38.23,29.42,27.89
233.16,0.23,1.95,9.02,41.09,95.0,22.3,18.56,38.23,20.63,36.98
233.20,0.26,2.17,9.03,41.09,95.0,22.3,18.45,38.23,13.09,38.28
233.24,0.20,3.11,8.94,41.09,95.0,22.3,18.80,37.96,6.81,42.17
233.28,0.23,3.27,8.94,41.09,95.0,22.3,18.45,38.23,-7.00,39.58
233.32,0.12,3.79,9.01,41.09,95.0,22.3,18.45,38.23,-12.03,38.28
233.36,0.13,4.33,8.97,41.09,95.0,22.3,18.56,38.23,-20.82,31.78
233.40,0.20,4.13,8.94,41.09,95.0,22.3,18.09,37.96,-30.87,29.19
233.44,0.17,4.52,8.91,41.09,95.0,22.3,18.68,38.50,-33.38,23.99
233.48,0.17,4.20,8.91,41.09,95.0,22.3,18.68,37.69,-39.66,18.80
233.52,0.18,3.93,9.06,41.09,95.0,22.3,18.68,37.96,-42.17,17.50
233.56,0.14,4.21,8.94,41.09,95.0,22.3,18.68,38.23,-45.94,11.01
233.60,0.28,3.31,8.95,41.09,95.0,22.3,18.68,37.96,-44.68,9.71
233.64,0.23,3.10,9.01,41.09,95.0,22.3,18.68,38.23,-44.68,4.51
233.68,0.15,2.46,9.02,41.09,95.0,22.3,18.56,38.50,-39.66,-0.68
233.72,0.30,2.20,8.99,41.09,95.0,22.3,18.80,37.96,-38.40,-3.28
233.76,0.27,1.81,8.97,41.09,95.0,22.3,18.80,38.23,-34.63,-7.18
233.80,0.22,1.12,9.05,41.09,95.0,22.3,18.45,37.43,-34.63,-12.37
233.84,0.36,0.61,9.06,41.09,95.0,22.3,18.80,38.50,-28.35,-16.27
233.88,0.32,0.07,9.15,41.09,95.0,22.3,18.56,38.23,-28.35,-24.06
233.92,0.35,-0.09,9.17,41.09,95.0,22.3,18.45,38.50,-25.84,-26.66
233.96,0.31,-0.42,9.31,41.09,95.0,22.3,18.68,38.23,-15.79,-33.15
234.00,0.32,-1.01,9.28,41.09,95.0,22.3,18.80,39.33,-12.03,-33.15
234.04,0.44,-1.28,9.27,41.09,95.0,22.3,19.27,38.50,-8.26,-40.94
234.08,0.28,-0.69,9.31,41.09,95.0,22.3,18.45,38.23,4.30,-42.24
234.12,0.35,-1.48,9.41,41.09,95.0,22.3,18.56,36.65,8.07,-44.84
234.16,0.41,-1.01,9.35,41.09,95.0,22.3,22.05,38.50,16.86,-44.84
234.20,0.26,-1.10,9.34,41.09,95.0,22.3,18.68,38.23,23.14,-44.84
234.24,0.40,-0.91,9.29,41.09,95.0,22.3,18.68,37.96,30.67,-39.64
234.28,0.40,-0.75,9.28,41.09,95.0,22.3,18.56,37.96,40.72,-34.45
234.32,0.29,-0.92,9.32,41.09,95.0,22.3,18.68,38.23,43.23,-31.85
234.36,0.45,-0.56,9.26,41.09,95.0,22.3,18.56,38.50,43.23,-24.06
234.40,0.25,-0.11,9.24,41.09,95.0,22.3,18.56,38.23,44.49,-18.86
234.44,0.27,-0.00,9.18,41.09,95.0,22.3,16.17,39.33,41.98,-7.18
234.48,0.34,0.37,9.10,41.09,95.0,22.3,17.37,38.23,41.98,8.41
234.52,0.28,0.62,9.05,41.09,95.0,22.3,18.56,38.50,36.95,13.60
234.56,0.31,1.23,9.07,41.09,95.0,22.3,18.68,38.50,28.16,27.89
234.60,0.23,1.67,9.06,41.09,95.0,22.3,18.56,38.23,24.39,33.08
234.64,0.25,2.00,8.99,41.09,95.0,22.3,18.68,36.90,16.86,39.58
234.68,0.24,2.68,8.92,41.09,95.0,22.3,18.45,38.50,11.84,39.58
234.72,0.20,3.03,9.00,41.09,95.0,22.3,18.56,38.23,3.04,39.58
234.76,0.14,3.71,8.96,41.09,95.0,22.3,18.56,38.50,-8.26,35.68
234.80,0.20,3.90,8.93,41.09,95.0,22.3,18.56,38.23,-15.79,34.38
234.84,0.18,4.27,8.94,41.09,95.0,22.3,18.56,37.96,-24.59,30.49
234.88,0.13,4.36,8.98,41.09,95.0,22.3,18.45,37.96,-30.87,23.99
234.92,0.22,4.09,8.91,41.09,95.0,22.3,18.68,38.50,-39.66,21.40
234.96,0.13,4.38,8.96,41.09,95.0,22.3,18.68,38.23,-42.17,17.50
235.00,0.17,3.91,9.00,41.09,95.0,22.3,18.33,37.96,-42.17,16.20
235.04,0.22,3.80,8.98,41.09,95.0,22.3,18.80,37.96,-44.68,9.71
235.08,0.13,3.25,9.00,41.09,95.0,22.3,18.45,38.50,-45.94,4.51
235.12,0.29,2.61,8.96,41.09,95.0,22.3,17.73,38.23,-43.42,0.62
235.16,0.25,2.56,9.00,41.09,95.0,22.3,18.80,38.23,-40.91,-3.28
235.20,0.22,1.84,9.04,41.09,95.0,22.3,19.39,37.43,-34.63,-5.88
235.24,0.30,1.69,9.02,41.09,95.0,22.3,18.80,37.96,-33.38,-9.77
235.28,0.34,0.88,8.95,41.09,95.0,22.3,18.56,38.23,-30.87,-14.97
235.32,0.35,0.40,9.07,41.09,95.0,22.3,18.68,38.23,-28.35,-20.16
235.36,0.34,-0.09,9.19,41.09,95.0,22.3,18.56,38.50,-27.10,-25.36
235.40,0.27,-0.24,9.24,41.09,95.0,22.3,18.56,38.23,-23.33,-29.25
235.44,0.42,-1.24,9.31,41.09,95.0,22.3,18.68,38.23,-15.79,-34.45
235.48,0.36,-0.68,9.27,41.09,95.0,22.3,18.45,38.50,-10.77,-39.64
235.52,0.37,-1.48,9.34,41.09,95.0,22.3,18.68,37.96,-3.24,-40.94
235.56,0.47,-0.86,9.29,41.09,95.0,22.3,18.56,38.23,4.30,-44.84
235.60,0.28,-0.85,9.32,41.09,95.0,22.3,18.45,38.50,10.58,-43.54
235.64,0.45,-1.51,9.35,41.09,95.0,22.3,18.56,38.50,23.14,-44.84
235.68,0.40,-0.72,9.35,41.09,95.0,22.3,18.45,37.96,28.16,-42.24
235.72,0.25,-0.73,9.28,41.09,95.0,22.3,18.68,38.77,35.70,-37.05
235.76,0.49,-0.80,9.26,41.09,95.0,22.3,18.68,37.43,41.98,-30.55
235.80,0.31,-0.59,9.26,41.09,95.0,22.3,18.80,37.96,43.23,-29.25
235.84,0.29,-0.35,9.25,41.09,95.0,22.3,18.68,38.23,41.98,-18.86
235.88,0.39,0.06,9.14,41.09,95.0,22.3,18.33,37.43,41.98,-12.37
235.92,0.32,0.16,9.16,41.09,95.0,22.3,18.68,38.23,38.21,-1.98
235.96,0.31,0.43,9.19,41.09,95.0,22.3,18.56,38.50,38.21,12.30
236.00,0.32,0.91,9.05,41.09,95.0,22.3,18.45,38.50,31.93,18.80
236.04,0.27,1.34,9.02,41.09,95.0,22.3,18.68,37.96,29.42,31.78
236.08,0.25,2.05,8.96,41.09,95.0,22.3,18.45,35.65,20.63,35.68
236.12,0.26,2.11,9.06,41.09,95.0,22.3,18.68,38.23,11.84,40.88
236.16,0.18,3.02,8.92,41.09,95.0,22.3,18.56,37.96,8.07,39.58
236.20,0.23,3.29,8.98,41.09,95.0,22.3,18.56,38.50,-7.00,39.58
236.24,0.17,3.92,8.90,41.09,95.0,22.3,18.68,38.23,-5.75,36.98
236.28,0.11,4.44,8.89,41.09,95.0,22.3,18.56,38.23,-22.07,34.38
236.32,0.23,4.00,8.99,41.09,95.0,22.3,18.80,37.96,-29.61,29.19
236.36,0.12,4.55,8.96,41.09,95.0,22.3,18.56,38.50,-34.63,23.99
236.40,0.16,4.24,8.94,41.09,95.0,22.3,18.68,37.96,-40.91,21.40
236.44,0.21,3.94,9.01,41.09,95.0,22.3,19.04,37.43,-40.91,14.90
236.48,0.13,4.19,8.96,41.09,95.0,22.3,18.45,38.23,-44.68,12.30
236.52,0.26,3.32,8.97,41.09,95.0,22.3,18.68,38.23,-48.45,8.41
236.56,0.24,3.16,8.90,41.09,95.0,22.3,18.80,38.23,-44.68,1.91
236.60,0.17,2.60,8.94,41.09,95.0,22.3,18.56,37.96,-39.66,0.62
236.64,0.24,2.25,8.98,41.09,95.0,22.3,19.04,38.23,-37.15,-5.88
236.68,0.27,1.89,8.96,41.09,95.0,22.3,18.56,38.23,-34.63,-7.18
236.72,0.26,1.03,9.05,41.09,95.0,22.3,18.68,38.23,-32.12,-12.37
236.76,0.33,0.57,9.12,41.09,95.0,22.3,18.56,38.23,-29.61,-18.86
236.80,0.28,0.05,9.18,41.09,95.0,22.3,18.68,37.96,-28.35,-21.46
236.84,0.35,0.04,9.12,41.09,95.0,22.3,18.68,38.50,-27.10,-29.25
236.88,0.34,-0.28,9.16,41.09,95.0,22.3,18.45,38.23,-20.82,-31.85
236.92,0.33,-1.07,9.20,41.09,95.0,22.3,18.80,38.23,-15.79,-35.75
236.96,0.46,-1.30,9.27,41.09,95.0,22.3,18.33,38.50,-4.49,-39.64
237.00,0.28,-0.70,9.31,41.09,95.0,22.3,18.68,38.23,3.04,-40.94
237.04,0.38,-1.34,9.36,41.09,95.0,22.3,18.68,38.23,6.81,-42.24
237.08,0.39,-0.95,9.36,41.09,95.0,22.3,18.56,38.23,20.63,-43.54
237.12,0.28,-1.22,9.39,41.09,95.0,22.3,18.80,38.50,23.14,-43.54
237.16,0.41,-1.00,9.31,41.09,95.0,22.3,18.56,38.23,34.44,-40.94
237.20,0.36,-0.69,9.27,41.09,95.0,22.3,18.56,38.23,34.44,-37.05
237.24,0.28,-0.94,9.30,41.09,95.0,22.3,18.68,37.96,40.72,-30.55
237.28,0.41,-0.41,9.19,41.09,95.0,22.3,18.45,38.23,44.49,-26.66
237.32,0.28,-0.12,9.18,41.09,95.0,22.3,18.80,34.44,44.49,-13.67
237.36,0.30,-0.04,9.19,41.09,95.0,22.3,18.45,38.50,40.72,-3.28
237.40,0.32,0.33,9.12,41.09,95.0,22.3,18.56,38.23,39.47,3.21
237.44,0.29,0.66,9.08,41.09,95.0,22.3,18.68,38.23,35.70,17.50
237.48,0.29,1.24,9.06,41.09,95.0,22.3,18.56,39.33,29.42,23.99
237.52,0.28,1.66,8.98,41.09,95.0,22.3,18.68,38.77,26.91,34.38
237.56,0.23,2.06,8.98,41.09,95.0,22.3,18.68,37.96,18.11,39.58
237.60,0.25,2.50,8.94,41.09,95.0,22.3,18.56,38.23,11.84,39.58
237.64,0.20,3.14,9.00,41.09,95.0,22.3,18.68,38.23,0.53,38.28
237.68,0.19,3.77,8.92,41.09,95.0,22.3,19.04,35.89,-10.77,36.98
237.72,0.20,3.78,8.94,41.09,95.0,22.3,18.68,38.23,-17.05,34.38
237.76,0.12,4.29,8.94,41.09,95.0,22.3,18.56,43.94,-25.84,31.78
237.80,0.15,4.38,8.97,41.09,95.0,22.3,18.33,38.23,-32.12,26.59
237.84,0.21,4.06,8.95,41.09,95.0,22.3,18.68,38.23,-37.15,22.69
237.88,0.11,4.39,8.94,41.09,95.0,22.3,18.56,37.96,-42.17,21.40
237.92,0.17,3.88,8.95,41.09,95.0,22.3,18.80,38.23,-42.17,13.60
237.96,0.23,3.85,8.99,41.09,95.0,22.3,18.45,38.23,-45.94,12.30
238.00,0.11,3.20,8.99,41.09,95.0,22.3,18.56,38.23,-47.19,5.81
238.04,0.26,2.60,9.00,41.09,95.0,22.3,18.45,38.23,-42.17,0.62
238.08,0.24,2.59,9.02,41.09,95.0,22.3,18.33,37.43,-40.91,-1.98
238.12,0.20,1.86,8.99,41.09,95.0,22.3,18.68,37.96,-35.89,-7.18
238.16,0.31,1.68,8.88,41.09,95.0,22.3,18.56,38.77,-34.63,-9.77
238.20,0.29,0.81,9.01,41.09,95.0,22.3,18.45,38.23,-33.38,-13.67
238.24,0.29,0.42,9.18,41.09,95.0,22.3,18.68,38.23,-28.35,-21.46
238.28,0.34,-0.07,9.24,41.09,95.0,22.3,18.21,38.23,-27.10,-24.06
238.32,0.30,-0.29,9.19,41.09,95.0,22.3,18.68,38.50,-23.33,-29.25
238.36,0.41,-1.23,9.31,41.09,95.0,22.3,18.33,38.23,-14.54,-35.75
238.40,0.34,-0.61,9.28,41.09,95.0,22.3,18.56,38.50,-12.03,-38.34
238.44,0.38,-1.45,9.35,41.09,95.0,22.3,18.68,37.96,0.53,-40.94
238.48,0.42,-0.96,9.32,41.09,95.0,22.3,18.56,38.50,1.79,-44.84
238.52,0.27,-0.98,9.37,41.09,95.0,22.3,18.68,38.23,10.58,-44.84
238.56,0.43,-1.42,9.37,41.09,95.0,22.3,18.56,38.23,13.09,-43.54
238.60,0.40,-0.72,9.33,41.09,95.0,22.3,18.68,38.23,28.16,-42.24
238.64,0.30,-0.79,9.29,41.09,95.0,22.3,16.41,37.16,38.21,-37.05
238.68,0.47,-0.85,9.27,41.09,95.0,22.3,19.39,38.23,38.21,-35.75
238.72,0.34,-0.53,9.24,41.09,95.0,22.3,18.80,37.96,41.98,-26.66
238.76,0.34,-0.34,9.21,41.09,95.0,22.3,18.68,38.23,43.23,-21.46
238.80,0.40,0.01,9.23,41.09,95.0,22.3,18.68,38.50,41.98,-11.07
238.84,0.24,0.21,9.15,41.09,95.0,22.3,18.56,38.23,41.98,1.91
238.88,0.31,0.47,9.12,41.09,95.0,22.3,18.56,39.05,38.21,8.41
238.92,0.35,0.98,9.04,41.09,95.0,22.3,18.68,38.23,33.19,20.10
238.96,0.25,1.27,9.06,41.09,95.0,22.3,18.45,38.50,28.16,26.59
239.00,0.21,1.85,9.07,41.09,95.0,22.3,18.68,38.23,21.88,35.68
239.04,0.27,2.15,8.99,41.09,95.0,22.3,17.97,38.23,11.84,39.58
239.08,0.21,3.00,8.97,41.09,95.0,22.3,18.56,38.23,6.81,39.58
239.12,0.22,3.19,8.98,41.09,95.0,22.3,18.92,38.23,-5.75,36.98
239.16,0.10,3.82,9.02,41.09,95.0,22.3,18.45,38.50,-10.77,36.98
239.20,0.10,4.33,8.93,41.09,95.0,22.3,18.68,38.23,-19.56,33.08
239.24,0.21,4.07,8.95,41.09,95.0,22.3,16.89,38.50,-28.35,29.19
239.28,0.13,4.47,8.95,41.09,95.0,22.3,18.56,38.23,-34.63,25.29
239.32,0.15,4.24,8.91,41.09,95.0,22.3,19.15,38.50,-40.91,20.10
239.36,0.20,3.98,8.98,41.09,95.0,22.3,17.61,37.43,-42.17,17.50
239.40,0.09,4.14,8.95,41.09,95.0,22.3,18.68,35.65,-45.94,12.30
239.44,0.26,3.30,8.93,41.09,95.0,22.3,18.68,38.50,-44.68,7.11
239.48,0.24,3.12,8.99,41.09,95.0,22.3,18.33,37.96,-45.94,3.21
239.52,0.17,2.49,9.01,41.09,95.0,22.3,18.68,38.50,-39.66,-1.98
239.56,0.28,2.19,9.01,41.09,95.0,22.3,18.56,38.23,-38.40,-3.28
239.60,0.24,1.73,9.07,41.09,95.0,22.3,18.68,38.23,-35.89,-8.47
239.64,0.26,1.21,9.08,41.09,95.0,22.3,18.68,38.23,-33.38,-13.67
239.68,0.34,0.68,9.01,41.09,95.0,22.3,18.68,40.49,-29.61,-16.27
239.72,0.31,0.15,9.10,41.09,95.0,22.3,18.92,37.96,-28.35,-21.46
239.76,0.34,-0.07,9.16,41.09,95.0,22.3,18.45,37.96,-24.59,-25.36
239.80,0.33,-0.33,9.21,41.09,95.0,22.3,18.45,38.50,-19.56,-31.85
239.84,0.36,-1.06,9.30,41.09,95.0,22.3,18.68,37.96,-14.54,-38.34
239.88,0.43,-1.14,9.25,41.09,95.0,22.3,18.45,37.96,-4.49,-39.64
239.92,0.29,-0.69,9.28,41.09,95.0,22.3,18.68,38.50,-0.72,-43.54
239.96,0.35,-1.44,9.36,41.09,95.0,22.3,18.45,38.23,9.32,-44.84
240.00,0.46,-0.86,9.33,41.09,95.0,22.3,18.92,38.23,16.86,-44.84
240.04,0.28,-1.15,9.28,41.09,95.0,22.3,18.68,38.23,24.39,-40.94
240.08,0.42,-0.95,9.29,41.09,95.0,22.3,18.56,38.23,31.93,-43.54
240.12,0.34,-0.66,9.33,41.09,95.0,22.3,18.68,38.50,36.95,-38.34
240.16,0.35,-0.89,9.26,41.09,95.0,22.3,18.68,38.23,40.72,-33.15
240.20,0.46,-0.48,9.24,41.09,95.0,22.3,18.68,38.23,41.98,-25.36
240.24,0.23,-0.13,9.27,41.09,95.0,22.3,18.56,38.50,41.98,-13.67
240.28,0.31,0.03,9.18,41.09,95.0,22.3,18.68,39.05,41.98,-5.88
240.32,0.39,0.36,9.14,41.09,95.0,22.3,18.68,38.50,39.47,7.11
240.36,0.29,0.52,9.11,41.09,95.0,22.3,18.56,38.23,35.70,14.90
240.40,0.24,1.17,9.05,41.09,95.0,22.3,18.68,38.23,29.42,26.59
240.44,0.26,1.70,9.00,41.09,95.0,22.3,18.45,38.50,24.39,30.49
240.48,0.29,2.14,8.95,41.09,95.0,22.3,18.45,38.23,16.86,36.98
240.52,0.25,2.51,9.01,41.09,95.0,22.3,18.68,38.50,11.84,38.28
240.56,0.21,3.04,9.01,41.09,95.0,22.3,18.45,38.23,0.53,38.28
240.60,0.16,3.82,8.97,41.09,95.0,22.3,19.04,38.50,-4.49,36.98
240.64,0.23,3.84,8.92,41.09,95.0,22.3,18.45,38.23,-15.79,34.38
240.68,0.15,4.36,8.92,41.09,95.0,22.3,18.56,38.23,-28.35,33.08
240.72,0.12,4.23,9.00,41.09,95.0,22.3,18.68,38.23,-22.07,26.59
240.76,0.23,4.07,8.96,41.09,95.0,22.3,18.56,38.50,-28.35,22.69
240.80,0.10,4.53,8.98,41.09,95.0,22.3,19.39,38.23,-40.91,17.50
240.84,0.18,3.84,8.98,41.09,95.0,22.3,18.68,38.23,-44.68,16.20
240.88,0.22,3.82,8.97,41.09,95.0,22.3,18.45,38.23,-43.42,12.30
240.92,0.16,3.23,9.00,41.09,95.0,22.3,18.68,37.96,-45.94,7.11
240.96,0.29,2.67,9.03,41.09,95.0,22.3,18.56,38.23,-42.17,1.91
241.00,0.22,2.55,9.01,41.09,95.0,22.3,18.80,38.23,-39.66,-1.98
241.04,0.20,1.93,9.02,41.09,95.0,22.3,18.45,37.96,-35.89,-5.88
241.08,0.29,1.83,8.92,41.09,95.0,22.3,18.56,38.23,-33.38,-9.77
241.12,0.31,0.99,8.92,41.09,95.0,22.3,18.68,37.96,-30.87,-14.97
241.16,0.31,0.43,9.06,41.09,95.0,22.3,18.45,38.23,-29.61,-18.86
